"0","90","1084","1977-06-20 03:13:53"
"1","85","1783","1987-11-25 19:17:40"
"2","1","1794","2012-08-02 23:17:45"
"3","81","426","1984-08-10 04:49:26"
"4","31","1033","2017-09-18 11:13:38"
"5","19","277","1973-01-30 07:53:43"
"6","90","1493","2002-10-11 17:51:54"
"7","35","753","1984-06-17 05:21:20"
"8","89","926","2008-05-20 17:08:52"
"9","25","420","2015-02-19 02:14:33"
"10","14","242","1991-07-05 12:43:06"
"11","46","1259","2023-03-06 12:54:48"
"12","7","1069","1985-04-08 03:25:22"
"13","86","141","2005-07-13 05:40:27"
"14","25","1109","1981-07-07 14:26:26"
"15","48","1955","2011-02-08 20:06:54"
"16","20","125","2013-11-03 01:26:18"
"17","99","1955","2006-11-17 17:48:16"
"18","89","453","1987-09-02 13:06:13"
"19","93","1935","2009-12-30 05:08:16"
"20","10","807","2004-11-19 07:50:30"
"21","77","1887","1974-09-12 02:15:25"
"22","97","1336","1998-11-07 06:14:01"
"23","45","1203","1984-03-31 22:28:43"
"24","77","1175","2023-04-28 13:58:49"
"25","64","1746","2019-01-23 21:27:51"
"26","33","495","2018-01-17 17:07:57"
"27","38","1005","1987-03-06 02:03:16"
"28","90","581","2012-02-05 04:58:53"
"29","6","367","1970-01-17 09:43:37"
"30","80","1023","2011-09-13 23:49:54"
"31","11","1831","1995-09-19 09:30:32"
"32","71","828","1981-09-01 07:55:02"
"33","29","1237","1972-01-17 16:28:11"
"34","51","221","2021-10-23 04:36:39"
"35","56","393","1993-03-22 21:57:26"
"36","75","10","2015-08-10 14:05:15"
"37","76","131","2013-03-01 07:36:46"
"38","58","613","1996-05-20 17:58:59"
"39","91","1186","2005-01-02 11:30:26"
"40","17","1741","2009-04-26 11:21:31"
"41","79","719","2011-01-25 03:15:38"
"42","81","1285","2006-09-23 18:59:42"
"43","80","1147","2007-06-02 09:33:47"
"44","30","643","2021-05-20 04:48:57"
"45","94","221","1994-03-03 07:21:02"
"46","12","731","2003-07-28 13:02:39"
"47","16","419","2002-04-03 02:25:57"
"48","50","868","1996-05-02 22:32:25"
"49","72","471","1977-04-04 22:47:44"
"50","84","1878","1993-09-08 00:12:06"
"51","50","1727","2014-12-04 22:22:57"
"52","3","1821","2007-06-07 21:53:05"
"53","9","470","2017-12-30 14:08:59"
"54","43","1916","1983-11-20 20:36:10"
"55","84","1998","1990-04-28 23:36:21"
"56","67","1377","2004-07-04 10:06:42"
"57","84","689","1977-04-12 02:59:03"
"58","58","633","2014-03-05 06:11:07"
"59","14","734","2014-01-08 14:16:22"
"60","1","273","2010-12-13 13:12:16"
"61","50","83","1997-03-01 08:52:40"
"62","33","1064","2023-04-24 15:36:56"
"63","49","1593","2023-03-10 13:52:52"
"64","21","1023","2009-10-13 14:44:21"
"65","75","9","2012-09-23 16:14:24"
"66","19","1632","1979-03-27 00:29:35"
"67","50","353","1977-01-13 19:31:30"
"68","55","1934","2018-03-16 13:58:47"
"69","25","1507","2013-03-06 23:57:57"
"70","96","175","1992-10-25 16:18:45"
"71","54","619","1992-01-08 08:58:35"
"72","33","1448","2023-10-29 13:02:20"
"73","68","1005","1970-04-26 22:34:40"
"74","98","1851","1970-06-04 13:20:48"
"75","45","1158","1975-07-24 08:19:15"
"76","75","211","2014-04-17 00:48:25"
"77","4","277","2013-03-15 06:05:19"
"78","21","643","1984-03-03 10:34:53"
"79","33","206","1990-02-16 19:17:31"
"80","92","677","2021-04-07 15:29:13"
"81","31","998","1976-12-01 19:25:43"
"82","14","487","1977-11-09 22:23:40"
"83","47","399","1988-12-10 16:55:19"
"84","49","1339","1971-11-26 15:55:09"
"85","8","1393","1975-06-30 20:21:07"
"86","18","782","1973-08-20 17:21:29"
"87","57","1623","1972-09-09 15:26:09"
"88","2","1365","1977-01-16 09:58:15"
"89","95","778","1990-07-26 14:30:30"
"90","2","753","1984-05-29 07:52:38"
"91","9","876","1999-08-11 14:20:36"
"92","43","274","1976-12-03 09:23:50"
"93","51","1250","2023-06-04 12:25:38"
"94","30","46","2008-12-22 15:14:42"
"95","10","548","1970-09-26 11:19:31"
"96","15","1412","2022-03-20 17:59:06"
"97","45","813","1979-09-20 22:26:13"
"98","83","1446","2016-12-13 19:58:46"
"99","33","287","2010-01-18 01:03:31"
"100","51","699","2000-04-15 02:00:31"
"101","58","1495","1999-04-02 17:33:56"
"102","33","92","2000-10-15 00:35:13"
"103","44","121","1989-12-21 05:56:27"
"104","58","939","1977-03-02 18:40:07"
"105","70","1933","1972-11-01 14:44:26"
"106","14","1039","1993-11-03 15:25:35"
"107","81","1740","2007-12-22 20:08:20"
"108","45","595","2019-11-10 00:21:48"
"109","71","825","2006-02-22 11:48:53"
"110","48","612","1996-05-06 23:47:01"
"111","81","1753","2011-01-05 05:02:03"
"112","30","999","2002-08-13 03:05:54"
"113","92","1795","1974-07-16 23:29:21"
"114","30","1193","2001-12-23 18:05:50"
"115","2","1598","2012-08-03 10:55:09"
"116","54","747","2017-03-10 16:28:59"
"117","36","705","2017-12-15 15:37:58"
"118","87","288","2013-09-02 18:06:21"
"119","82","458","1988-12-09 08:52:33"
"120","91","699","2020-12-06 20:11:26"
"121","97","346","1972-01-22 01:27:52"
"122","32","1250","1970-11-14 03:14:47"
"123","50","1354","2005-01-26 09:40:48"
"124","55","768","1974-03-21 15:42:26"
"125","36","745","2003-11-05 11:18:07"
"126","36","1112","1977-06-26 01:19:39"
"127","19","1033","1973-01-24 06:44:03"
"128","99","420","1976-07-23 11:39:47"
"129","58","1161","1971-02-23 06:09:21"
"130","85","1307","2021-08-21 03:21:24"
"131","87","460","2015-12-09 09:22:35"
"132","78","785","1992-09-06 12:45:22"
"133","74","1064","1978-07-06 01:22:30"
"134","97","581","2022-07-10 00:12:35"
"135","79","817","2008-10-23 07:43:59"
"136","21","1458","1973-06-06 16:42:50"
"137","44","1595","2016-08-28 04:52:58"
"138","97","1758","2012-09-30 07:30:02"
"139","92","1870","1994-03-02 05:04:13"
"140","35","1084","1980-05-24 05:59:55"
"141","90","336","1985-04-29 03:34:36"
"142","31","324","1971-08-24 01:37:32"
"143","76","454","1989-10-08 21:29:48"
"144","31","659","2003-07-27 17:42:45"
"145","95","1413","2018-07-08 11:47:04"
"146","94","159","1977-02-02 15:10:25"
"147","46","1374","2006-09-25 03:05:19"
"148","52","1229","1974-09-24 19:12:24"
"149","87","1281","2011-11-09 07:08:07"
"150","94","1916","2014-03-02 10:33:07"
"151","77","565","1973-11-27 04:07:23"
"152","83","1140","1987-07-13 08:31:57"
"153","77","184","2018-11-16 16:52:36"
"154","17","925","1973-09-12 13:05:28"
"155","24","1267","2006-03-25 14:49:01"
"156","66","1537","2012-06-19 23:52:52"
"157","62","1859","2021-09-25 05:22:51"
"158","13","1127","1987-11-13 03:01:14"
"159","1","1582","2002-04-19 14:17:55"
"160","83","636","1987-02-26 08:27:05"
"161","27","1784","2005-05-29 09:11:40"
"162","81","1844","2009-03-09 04:22:22"
"163","53","1234","2002-02-15 19:35:02"
"164","53","1899","2009-06-04 14:30:30"
"165","93","349","2006-07-27 09:44:41"
"166","27","211","1978-01-14 02:33:40"
"167","65","583","1992-11-15 03:41:15"
"168","49","1462","1990-07-28 23:59:36"
"169","65","917","2000-12-18 02:09:17"
"170","19","1491","2013-10-15 13:45:36"
"171","4","1219","2016-04-02 14:44:31"
"172","22","1093","2020-12-11 17:48:15"
"173","46","1943","2003-09-25 02:33:12"
"174","25","33","2000-09-15 06:27:13"
"175","6","764","2019-01-27 22:22:50"
"176","40","1883","2020-11-16 02:41:58"
"177","70","1238","1979-04-14 23:58:39"
"178","4","1028","1977-11-05 13:25:23"
"179","92","943","1985-02-01 09:37:09"
"180","64","1023","1996-05-11 13:19:30"
"181","20","1145","2003-07-09 09:16:16"
"182","34","1548","1976-04-09 04:05:07"
"183","5","976","1999-11-26 02:02:34"
"184","99","1934","2014-07-13 00:18:05"
"185","90","1960","2019-08-22 21:25:23"
"186","53","580","2018-07-13 17:50:07"
"187","37","1507","1980-02-15 14:19:08"
"188","18","819","1976-07-06 13:10:54"
"189","70","446","2009-11-14 08:38:51"
"190","81","1","2014-06-21 06:09:46"
"191","3","1144","1978-11-15 04:13:28"
"192","63","704","1990-12-22 16:00:14"
"193","3","1115","2022-07-08 09:52:31"
"194","60","1435","1980-11-29 20:42:32"
"195","22","1054","2012-10-04 00:50:05"
"196","13","222","2005-10-06 22:33:53"
"197","38","1233","1999-01-23 00:06:29"
"198","99","1810","1998-05-10 21:25:30"
"199","39","407","1975-01-25 05:10:49"
"200","95","1250","2008-08-15 17:01:38"
"201","26","526","2003-12-29 04:39:17"
"202","2","344","1981-03-28 11:55:18"
"203","9","1081","2003-04-24 11:02:02"
"204","80","1409","1988-10-20 22:04:14"
"205","63","425","2014-04-10 01:44:54"
"206","24","1472","2009-08-02 00:08:15"
"207","87","609","1971-11-19 11:26:51"
"208","51","1618","1985-12-14 20:49:37"
"209","82","283","2019-02-02 05:56:14"
"210","22","219","2014-06-11 20:02:42"
"211","64","313","2012-09-24 19:38:16"
"212","5","747","2016-05-18 14:49:07"
"213","81","419","1988-03-24 18:42:05"
"214","12","1355","1997-02-02 10:38:10"
"215","3","829","1991-05-09 21:17:11"
"216","13","1409","1992-05-23 12:09:48"
"217","56","1492","2017-09-30 07:02:42"
"218","96","1899","1997-07-06 21:00:04"
"219","82","1233","2018-01-15 15:07:57"
"220","9","1355","1991-11-10 07:58:53"
"221","11","734","1992-04-10 11:11:03"
"222","83","1843","1990-10-08 14:00:58"
"223","40","987","1987-03-15 19:59:07"
"224","5","813","2010-10-25 04:48:44"
"225","11","1360","1998-05-19 18:20:19"
"226","76","1272","1997-10-12 17:37:26"
"227","67","710","2003-12-01 16:47:55"
"228","77","1435","1990-12-08 02:14:03"
"229","23","1676","2017-12-30 03:57:38"
"230","76","523","2006-12-01 23:42:05"
"231","54","436","1981-06-13 08:11:01"
"232","97","981","2017-07-30 19:56:37"
"233","49","400","1988-10-19 18:47:51"
"234","41","1555","1979-07-17 15:53:45"
"235","23","287","1974-02-11 01:16:13"
"236","13","1074","1974-10-05 13:48:06"
"237","66","1908","2021-10-26 00:05:00"
"238","44","1441","2017-11-01 05:03:07"
"239","26","1191","1999-10-01 11:03:49"
"240","27","1376","2007-04-11 16:29:51"
"241","62","892","1987-10-04 05:19:16"
"242","4","1458","1992-09-21 19:54:06"
"243","86","471","1987-09-16 15:08:10"
"244","72","458","2006-11-02 11:53:40"
"245","9","1088","1996-03-26 05:41:42"
"246","64","1317","1987-02-08 22:17:51"
"247","84","1784","1977-06-09 02:42:23"
"248","24","1107","1994-01-14 21:02:00"
"249","10","349","1982-02-01 19:23:41"
"250","49","1843","2021-06-01 22:55:02"
"251","13","1244","2007-09-10 16:49:04"
"252","52","1884","2000-12-07 01:02:04"
"253","18","1832","1970-03-05 22:45:41"
"254","22","137","2023-10-25 16:02:16"
"255","54","470","2002-06-06 12:40:19"
"256","11","577","1994-12-27 00:48:40"
"257","5","1852","2012-08-26 22:59:10"
"258","13","1595","1985-10-05 06:55:25"
"259","13","435","1991-04-23 03:31:48"
"260","32","1855","1979-06-30 11:18:06"
"261","97","1516","2002-08-31 23:34:02"
"262","79","100","1974-06-30 00:33:35"
"263","16","288","1996-09-29 18:50:46"
"264","7","1271","2009-04-25 00:00:39"
"265","80","350","2015-12-14 09:05:02"
"266","83","1829","2003-02-21 23:47:10"
"267","58","1911","2015-08-06 08:03:08"
"268","83","1541","1979-07-15 10:58:37"
"269","60","1558","1990-10-15 09:32:24"
"270","27","973","2011-06-17 22:21:27"
"271","8","1333","1981-10-30 21:02:27"
"272","29","944","1973-07-06 20:26:47"
"273","70","587","2014-07-01 11:30:20"
"274","19","1843","1984-05-19 20:30:17"
"275","86","457","1987-06-03 04:39:15"
"276","31","887","1975-09-29 09:57:07"
"277","93","1961","1980-09-20 13:53:22"
"278","95","291","1987-11-22 11:52:55"
"279","23","1851","2008-07-10 07:21:40"
"280","47","1137","2016-10-25 06:11:04"
"281","97","401","1989-07-03 23:52:56"
"282","70","1602","2001-04-29 06:35:13"
"283","38","1596","2011-09-28 17:19:32"
"284","80","1728","2021-04-10 00:18:59"
"285","38","680","2004-07-27 22:59:57"
"286","50","197","1992-06-04 19:31:38"
"287","77","1462","1996-02-11 06:09:08"
"288","29","1595","2022-02-10 08:44:00"
"289","84","1573","1980-05-17 21:40:53"
"290","15","1169","2009-12-02 13:53:41"
"291","62","1092","2008-10-15 08:42:26"
"292","41","1787","2013-11-13 00:05:38"
"293","86","1271","1977-08-29 02:45:14"
"294","20","1741","1982-04-18 02:54:55"
"295","31","1727","2010-08-07 07:52:13"
"296","98","191","2023-02-04 16:17:28"
"297","28","747","1982-05-22 03:55:39"
"298","68","185","2010-10-07 00:27:54"
"299","44","1981","1987-04-05 23:24:46"
"300","42","1970","1993-04-23 02:44:30"
"301","5","392","1975-04-15 15:48:07"
"302","58","18","1971-12-21 17:07:56"
"303","32","1240","1993-01-09 03:27:11"
"304","10","344","1973-01-04 12:34:53"
"305","52","1219","2014-07-10 05:36:55"
"306","61","367","2008-06-07 20:35:00"
"307","29","1610","1973-07-31 08:27:18"
"308","62","432","1995-05-30 05:28:51"
"309","28","1850","2017-08-31 18:57:41"
"310","53","549","1970-12-23 17:56:11"
"311","98","525","1980-02-20 05:25:57"
"312","64","336","1975-06-26 07:43:56"
"313","0","1191","1990-08-23 07:20:59"
"314","24","1220","1987-04-10 21:35:32"
"315","88","556","1992-07-06 18:04:03"
"316","47","1325","2014-06-11 23:53:06"
"317","49","669","2011-09-10 13:41:00"
"318","35","574","2005-04-04 23:17:57"
"319","78","944","1991-11-08 05:40:56"
"320","49","1908","1973-02-17 16:38:15"
"321","20","165","1972-11-25 23:30:44"
"322","10","1547","1991-01-12 05:52:31"
"323","23","490","2022-03-20 08:56:07"
"324","33","1555","1974-07-06 03:33:34"
"325","0","856","2017-09-30 21:08:02"
"326","9","1279","1982-12-14 12:19:59"
"327","19","1810","2008-10-27 19:57:24"
"328","37","1385","2010-01-13 12:18:56"
"329","41","583","1992-02-29 02:48:05"
"330","97","633","1986-08-17 02:26:59"
"331","7","549","2007-05-13 13:42:46"
"332","6","1772","1974-11-23 08:43:19"
"333","34","1797","2009-07-04 09:16:52"
"334","12","478","2005-12-03 01:09:09"
"335","34","1265","1975-08-23 15:49:45"
"336","23","1654","1992-06-26 07:45:56"
"337","62","721","1988-05-06 16:35:20"
"338","35","1416","1997-06-14 04:54:01"
"339","57","212","1998-07-23 17:06:12"
"340","64","1003","1982-03-18 16:39:35"
"341","14","1204","2018-04-01 08:26:44"
"342","95","782","1971-04-10 13:28:11"
"343","32","158","1980-03-21 15:18:23"
"344","56","448","1989-02-07 20:55:05"
"345","31","73","2000-11-20 20:31:59"
"346","34","1937","1982-11-16 08:27:24"
"347","13","925","2004-02-01 13:56:48"
"348","40","1092","1999-11-02 03:36:24"
"349","23","876","2003-04-03 19:44:12"
"350","98","251","1989-01-18 02:06:02"
"351","73","928","2015-05-27 11:19:17"
"352","87","389","2001-05-25 22:37:15"
"353","50","1642","2014-04-21 19:23:44"
"354","90","1557","2010-07-18 06:34:17"
"355","49","669","1985-05-26 11:34:29"
"356","16","1377","1988-03-23 07:19:50"
"357","81","979","2017-09-06 06:28:48"
"358","14","1028","1978-11-21 10:23:50"
"359","79","1313","2003-12-24 07:03:36"
"360","79","38","2014-10-09 12:20:44"
"361","74","669","2023-06-01 22:58:46"
"362","66","1669","1972-07-07 08:42:53"
"363","45","1813","1979-12-17 00:07:36"
"364","23","1308","1979-04-29 10:30:12"
"365","1","216","2007-09-18 18:28:50"
"366","98","807","1988-03-08 22:46:48"
"367","23","654","1970-09-29 21:28:49"
"368","83","104","2017-08-02 12:09:15"
"369","20","761","2000-10-04 13:40:54"
"370","85","565","1972-03-03 19:35:02"
"371","6","1619","1976-09-27 14:08:37"
"372","89","1070","2012-07-24 03:15:50"
"373","34","135","1997-06-25 17:58:53"
"374","90","421","1994-12-28 17:39:41"
"375","33","141","2017-08-02 07:23:00"
"376","59","1364","1980-12-20 10:00:32"
"377","93","347","1985-11-05 19:53:14"
"378","56","1970","1982-07-02 21:37:09"
"379","41","1467","1974-06-01 23:05:43"
"380","57","734","1981-11-05 01:21:03"
"381","50","682","1985-11-09 13:48:50"
"382","58","421","2020-02-20 21:51:39"
"383","10","1145","1972-11-22 21:23:27"
"384","98","467","1977-10-05 03:08:30"
"385","63","976","2023-02-17 07:19:29"
"386","29","308","2007-08-28 04:16:25"
"387","38","1100","2016-06-20 19:32:08"
"388","64","1749","2008-05-11 20:17:05"
"389","22","1294","1982-04-06 13:20:07"
"390","96","1281","1986-03-30 14:19:48"
"391","38","1365","1990-11-25 22:27:56"
"392","4","764","2006-02-25 07:57:46"
"393","94","478","1979-04-04 14:30:45"
"394","1","299","1978-09-15 04:39:45"
"395","75","135","1989-10-17 21:23:17"
"396","87","1183","1994-06-08 20:12:23"
"397","54","1098","1994-06-24 06:56:12"
"398","84","859","2021-10-14 15:52:31"
"399","47","458","2001-06-15 18:58:08"
"400","46","656","1979-12-11 21:50:23"
"401","6","804","2003-10-03 06:49:23"
"402","72","387","1970-11-21 10:41:18"
"403","85","416","2005-09-09 01:56:57"
"404","63","219","2007-03-08 22:14:02"
"405","87","346","1995-08-05 22:07:25"
"406","57","704","2020-08-04 08:07:31"
"407","90","152","1976-05-04 16:31:53"
"408","8","1492","2009-03-21 12:52:38"
"409","90","1169","1989-07-14 08:31:15"
"410","60","344","1976-11-20 03:47:05"
"411","36","1292","1973-12-09 03:52:47"
"412","66","1379","2011-11-27 15:15:48"
"413","16","1998","2011-06-22 07:07:38"
"414","95","249","1970-03-06 04:04:16"
"415","32","247","1992-05-23 00:52:14"
"416","87","1845","2015-12-07 03:40:11"
"417","11","1405","1980-06-25 04:09:36"
"418","45","1297","2013-09-09 03:27:37"
"419","96","401","1997-05-14 20:09:14"
"420","53","1960","2012-01-14 14:08:03"
"421","13","1715","1977-12-10 05:05:52"
"422","99","1654","2019-02-06 22:36:05"
"423","90","1667","1976-03-18 12:06:01"
"424","7","392","2018-08-10 23:44:48"
"425","16","932","2018-12-28 11:41:09"
"426","90","612","2019-05-14 06:23:07"
"427","60","1472","1980-11-17 13:01:37"
"428","93","903","1981-12-02 02:11:49"
"429","37","432","1998-05-03 00:00:31"
"430","23","137","1998-02-13 09:05:36"
"431","94","701","1981-05-26 02:07:25"
"432","54","1842","2019-01-22 07:11:09"
"433","5","1657","2002-01-26 19:47:48"
"434","15","198","1982-10-15 07:43:26"
"435","46","1279","1995-12-18 16:26:21"
"436","54","59","2011-02-04 17:02:32"
"437","21","349","2001-03-24 14:15:09"
"438","51","1752","1977-08-19 02:22:00"
"439","9","1236","1989-09-03 19:50:29"
"440","33","1247","1989-09-16 01:52:41"
"441","44","382","1998-10-15 06:38:33"
"442","38","1244","1972-06-13 02:41:21"
"443","37","745","2014-03-04 14:51:36"
"444","45","481","2010-08-02 16:14:15"
"445","10","793","1999-08-21 14:49:23"
"446","95","1112","2015-06-16 01:36:00"
"447","86","1865","2013-11-01 22:17:52"
"448","45","400","1980-04-17 05:15:40"
"449","10","1390","1984-09-03 00:18:08"
"450","15","1046","2002-01-18 09:47:44"
"451","18","1050","1985-12-07 05:09:48"
"452","40","1354","1979-09-19 11:56:38"
"453","74","1142","2005-07-30 16:51:34"
"454","56","1379","1991-04-01 23:15:56"
"455","7","855","2004-06-15 22:09:33"
"456","57","1962","1997-01-16 12:51:07"
"457","83","620","1975-03-04 09:24:19"
"458","24","378","2004-06-22 11:33:08"
"459","50","1008","1979-10-16 19:10:22"
"460","84","1763","1978-08-03 19:25:15"
"461","80","1641","2004-07-24 01:02:43"
"462","83","1805","2009-08-20 14:15:30"
"463","75","1537","2015-05-24 22:15:08"
"464","5","1839","2015-01-28 18:09:28"
"465","21","1552","2016-08-13 13:55:23"
"466","72","97","2003-08-15 19:05:24"
"467","15","1407","1994-07-26 14:27:50"
"468","10","495","2021-10-28 04:27:51"
"469","46","1361","2013-12-12 06:12:20"
"470","16","1352","1975-08-07 00:04:06"
"471","62","1361","2011-02-03 11:38:38"
"472","53","1664","1973-05-15 06:07:17"
"473","90","1866","2006-09-04 10:14:29"
"474","46","1996","1982-08-19 08:10:19"
"475","16","823","2008-08-07 03:20:21"
"476","9","1584","2016-09-26 22:42:28"
"477","66","926","1988-02-16 18:15:26"
"478","13","758","1975-01-14 12:11:00"
"479","19","856","2003-12-21 09:11:42"
"480","39","1831","2021-03-06 18:48:27"
"481","22","641","1976-11-14 02:52:25"
"482","50","1472","1972-06-05 13:08:29"
"483","62","1891","1998-05-30 09:31:14"
"484","28","1859","2019-03-18 15:23:49"
"485","48","578","2008-02-06 21:09:26"
"486","16","1968","1972-08-28 15:56:09"
"487","49","583","1979-03-19 12:19:32"
"488","38","1937","1992-09-22 01:08:49"
"489","75","1383","1998-08-25 05:38:34"
"490","97","1112","2001-04-08 05:58:51"
"491","44","1503","2004-02-11 03:01:18"
"492","58","1205","1994-06-06 01:53:18"
"493","22","727","1979-09-04 08:13:21"
"494","52","171","1982-10-06 14:25:10"
"495","35","90","2016-08-24 21:14:04"
"496","73","358","2022-02-28 08:24:53"
"497","34","283","1998-02-11 15:08:02"
"498","26","1791","2013-10-18 01:26:40"
"499","68","1979","1981-10-05 17:51:45"
"500","76","904","1992-03-06 01:34:31"
"501","12","448","1988-03-17 11:57:35"
"502","15","1253","1987-02-26 06:31:15"
"503","64","446","2017-02-09 17:54:50"
"504","24","1430","1970-10-31 03:54:15"
"505","4","421","2018-12-26 22:42:46"
"506","53","584","2012-12-05 09:04:18"
"507","23","564","2008-05-12 17:38:54"
"508","19","932","2016-02-02 03:05:53"
"509","83","752","1983-08-21 16:27:58"
"510","83","758","1996-03-11 10:32:33"
"511","34","1074","1992-07-11 06:48:00"
"512","87","1657","1995-08-16 20:47:49"
"513","28","858","1986-11-18 18:00:31"
"514","79","286","2001-06-24 02:11:08"
"515","37","1081","2007-07-22 11:32:00"
"516","97","416","1993-01-13 11:40:48"
"517","28","1870","1987-10-02 18:34:23"
"518","28","743","2001-03-28 02:42:53"
"519","76","713","2009-11-14 10:13:43"
"520","78","828","1973-02-21 20:34:57"
"521","33","1828","1992-11-03 00:52:20"
"522","57","1324","2005-10-10 16:43:05"
"523","8","926","1989-12-29 22:34:34"
"524","71","1050","2010-08-01 14:51:41"
"525","96","753","1993-11-21 07:55:28"
"526","96","1806","1980-11-24 05:59:03"
"527","74","1257","2009-02-12 13:01:04"
"528","56","643","2011-11-05 13:22:13"
"529","14","1973","1971-12-21 10:08:28"
"530","43","569","2018-05-21 05:17:17"
"531","50","1120","1986-05-22 22:22:08"
"532","60","456","1986-06-13 15:56:58"
"533","49","1319","2006-10-02 00:43:58"
"534","32","1063","1996-06-21 10:59:05"
"535","27","1899","2017-11-10 00:32:25"
"536","69","1449","1977-05-06 05:58:36"
"537","54","502","1987-04-25 11:33:13"
"538","3","613","1997-07-29 01:04:48"
"539","52","713","1976-11-05 18:16:06"
"540","67","822","2007-01-20 01:53:05"
"541","41","1127","1992-10-12 08:43:23"
"542","73","1008","2015-10-14 12:48:36"
"543","43","1011","1983-04-26 22:42:29"
"544","23","1571","2012-04-28 20:15:45"
"545","1","1182","2002-04-04 08:21:07"
"546","50","585","1990-06-01 06:11:01"
"547","8","222","1984-01-04 16:59:21"
"548","74","556","1987-10-06 10:45:20"
"549","45","1172","1973-06-21 13:28:39"
"550","94","1412","1990-08-30 17:39:24"
"551","2","1632","1973-03-17 09:44:00"
"552","67","809","1997-04-08 03:46:50"
"553","24","1046","1982-06-24 06:12:19"
"554","20","804","2015-03-10 17:16:02"
"555","67","171","1990-06-15 10:43:31"
"556","15","347","2023-08-19 10:20:40"
"557","57","52","1996-04-01 08:33:05"
"558","59","948","1994-12-14 23:37:10"
"559","1","1456","1995-02-02 09:29:26"
"560","14","1630","1995-10-12 06:49:26"
"561","25","1199","1990-01-24 02:14:39"
"562","35","980","2000-05-13 06:00:39"
"563","89","105","2003-04-21 05:18:04"
"564","1","599","2011-03-13 18:06:04"
"565","18","1548","2001-10-11 12:36:42"
"566","39","1439","1984-12-05 22:13:04"
"567","39","382","1973-10-07 15:09:11"
"568","3","913","1998-02-04 01:10:58"
"569","22","1381","2001-09-20 19:45:25"
"570","95","1933","2007-01-13 05:34:46"
"571","17","87","2017-07-19 09:52:47"
"572","77","1379","2002-11-01 02:32:08"
"573","72","1","1992-03-04 19:17:59"
"574","80","150","2012-07-28 15:43:59"
"575","43","1160","1983-07-07 19:55:38"
"576","7","1199","2022-09-01 12:36:14"
"577","97","1516","2010-11-26 18:43:16"
"578","45","622","2014-05-12 12:48:43"
"579","11","1948","2021-11-22 13:48:47"
"580","65","1983","1986-02-18 19:11:37"
"581","91","1946","1986-06-09 22:18:59"
"582","74","1625","1970-07-19 09:28:31"
"583","40","73","1989-03-07 18:41:21"
"584","10","580","1991-09-06 09:55:03"
"585","11","1278","1972-09-03 21:31:44"
"586","75","1752","1977-09-06 16:22:23"
"587","52","976","2005-04-18 15:18:57"
"588","27","308","2002-12-05 04:10:15"
"589","27","621","2020-03-01 21:48:55"
"590","66","427","1998-12-10 19:57:25"
"591","59","1768","2006-06-28 17:46:06"
"592","92","1597","2008-11-14 17:29:37"
"593","17","1050","2013-05-10 20:18:28"
"594","85","249","2008-11-11 13:33:54"
"595","51","847","2005-11-02 23:22:09"
"596","77","1115","1996-11-22 07:47:53"
"597","12","416","1988-12-22 16:47:35"
"598","12","526","1979-08-01 17:40:49"
"599","91","503","2012-12-22 12:58:48"
"600","31","537","1990-07-06 18:46:46"
"601","66","1272","1979-07-31 11:15:56"
"602","66","1069","2006-01-29 13:52:21"
"603","53","1265","1971-11-11 05:42:03"
"604","72","471","2000-09-21 23:12:10"
"605","91","481","2015-08-04 16:33:39"
"606","17","1404","1982-12-05 08:45:30"
"607","38","951","2001-07-05 19:07:16"
"608","32","989","1980-08-07 11:09:50"
"609","36","1390","2009-07-01 07:28:33"
"610","48","1521","1973-01-13 09:32:26"
"611","43","1258","1979-02-05 14:09:36"
"612","16","159","1997-05-25 16:14:40"
"613","98","22","1976-08-09 18:09:19"
"614","47","1199","1997-07-25 11:11:58"
"615","56","378","2009-01-04 05:28:42"
"616","26","378","2002-07-09 01:27:54"
"617","90","1787","1972-01-03 08:35:27"
"618","88","964","1988-01-28 11:00:21"
"619","83","1882","2023-09-24 21:47:40"
"620","30","747","1976-08-31 03:27:36"
"621","91","47","2015-01-29 20:58:50"
"622","2","435","1985-03-26 03:35:14"
"623","96","196","2013-05-19 23:01:00"
"624","5","1940","2012-02-01 07:36:55"
"625","1","1338","1983-10-15 23:43:58"
"626","32","50","1989-06-17 12:54:26"
"627","13","940","1980-02-23 13:07:02"
"628","91","1980","2005-03-18 01:46:07"
"629","56","323","2009-07-14 03:12:40"
"630","94","1862","2017-01-14 21:19:22"
"631","24","640","2018-05-07 09:09:31"
"632","43","347","1972-03-15 02:07:16"
"633","18","1956","1992-01-13 04:04:39"
"634","51","1124","1992-12-25 12:57:14"
"635","94","420","2022-02-12 13:30:57"
"636","18","1768","2004-04-26 17:56:14"
"637","76","361","1970-08-15 16:37:19"
"638","48","920","1984-11-03 02:46:40"
"639","24","349","2016-09-28 17:00:27"
"640","27","1456","2013-02-16 21:57:41"
"641","50","408","2007-12-15 11:27:18"
"642","58","1287","1992-01-16 08:53:09"
"643","50","109","2010-02-13 01:41:26"
"644","35","557","2020-06-19 09:22:25"
"645","70","1604","2018-03-29 06:00:19"
"646","15","237","2003-09-13 09:34:13"
"647","74","1632","2001-03-18 07:35:14"
"648","21","101","1984-07-03 13:40:31"
"649","27","1815","1984-03-16 15:22:58"
"650","81","1850","2013-11-21 07:32:51"
"651","35","704","1990-10-20 18:01:33"
"652","28","94","2018-05-05 17:00:21"
"653","88","926","2002-07-19 00:31:28"
"654","21","1227","1983-11-24 07:18:49"
"655","1","548","2009-12-31 13:20:05"
"656","24","1487","1977-11-23 11:41:08"
"657","44","220","1996-01-29 04:42:37"
"658","58","1225","1990-12-15 20:33:39"
"659","28","1774","2022-01-17 22:27:36"
"660","46","701","1976-12-21 12:28:35"
"661","71","1948","2000-07-25 19:35:31"
"662","62","1655","1991-06-17 23:24:42"
"663","9","351","2014-11-08 02:46:15"
"664","90","1101","1986-11-21 08:08:02"
"665","59","1759","1992-11-11 06:40:23"
"666","45","1598","2019-11-02 06:18:01"
"667","23","669","1995-07-31 01:52:56"
"668","16","261","1985-05-13 17:00:26"
"669","69","1677","1999-09-23 01:24:51"
"670","21","699","1998-11-12 23:54:26"
"671","5","1033","2003-12-08 08:50:31"
"672","77","1707","1980-09-02 05:50:10"
"673","95","1381","2010-06-28 08:34:53"
"674","89","741","2008-08-20 09:56:22"
"675","65","1593","1974-05-30 08:34:04"
"676","80","53","1982-01-13 16:04:23"
"677","56","1676","2006-07-08 13:26:03"
"678","81","1332","1993-05-25 00:17:42"
"679","62","382","2014-04-10 03:59:08"
"680","67","1725","2023-07-04 06:26:21"
"681","75","1776","1986-04-20 07:08:13"
"682","77","402","2011-10-21 08:30:47"
"683","27","1430","1992-02-15 13:50:55"
"684","33","556","1995-07-05 18:56:11"
"685","91","1124","2012-06-27 06:25:37"
"686","80","113","1970-06-24 16:41:15"
"687","56","472","1974-03-27 16:05:53"
"688","83","1962","2021-12-15 10:46:34"
"689","90","1960","1970-07-12 05:39:05"
"690","28","1973","1985-09-19 14:02:17"
"691","75","1862","1978-01-15 16:31:28"
"692","59","1278","1970-04-09 07:44:25"
"693","31","1056","2016-12-06 15:36:10"
"694","99","1526","2003-03-22 06:21:06"
"695","7","104","2013-03-10 10:52:44"
"696","55","286","1976-05-30 12:17:42"
"697","79","1161","2001-12-06 22:20:05"
"698","12","1891","1979-06-10 20:13:26"
"699","17","742","2009-05-19 00:56:44"
"700","61","416","2011-10-05 22:31:34"
"701","57","1279","1982-07-26 07:15:29"
"702","10","1962","2022-10-03 06:30:15"
"703","16","559","1990-02-06 23:56:22"
"704","72","1299","1993-08-16 20:55:41"
"705","80","1806","2007-04-16 22:03:25"
"706","90","160","1980-12-11 12:56:15"
"707","26","1750","1983-10-25 02:26:56"
"708","75","1664","1986-03-17 20:52:10"
"709","35","56","1997-02-18 23:02:05"
"710","79","35","1997-01-28 12:39:42"
"711","28","186","2015-07-12 03:28:44"
"712","58","795","1976-01-30 02:02:47"
"713","87","1537","2012-10-25 23:58:38"
"714","68","1429","2012-06-24 10:16:28"
"715","83","1049","1996-12-29 19:35:12"
"716","56","559","1970-11-22 01:01:37"
"717","42","439","1986-02-20 17:33:32"
"718","62","777","2021-08-25 21:41:30"
"719","85","609","2013-11-25 10:14:21"
"720","97","44","1990-10-08 22:15:48"
"721","37","1791","2001-10-19 09:53:37"
"722","97","1891","1979-07-05 12:04:49"
"723","13","1498","1972-08-28 00:00:25"
"724","11","434","2003-09-10 08:18:19"
"725","22","51","2014-03-15 22:36:56"
"726","66","1220","1996-10-18 01:22:40"
"727","23","393","1997-04-11 16:57:31"
"728","72","1076","1985-01-18 13:33:31"
"729","79","452","2015-02-27 15:37:18"
"730","74","636","2005-09-16 05:35:19"
"731","86","56","1988-02-14 12:02:20"
"732","39","799","1986-07-28 15:24:43"
"733","10","1407","2023-03-08 18:23:23"
"734","87","1492","1974-07-10 13:29:55"
"735","89","913","1995-05-17 12:48:45"
"736","59","171","1973-09-24 16:39:51"
"737","68","965","2007-01-24 17:56:15"
"738","43","850","1980-05-07 02:07:00"
"739","91","398","2018-05-30 20:36:02"
"740","26","892","2002-06-09 00:05:51"
"741","78","1784","1976-06-20 16:05:19"
"742","19","308","1973-11-13 10:43:21"
"743","21","80","1980-01-26 14:10:24"
"744","40","1084","2004-06-10 08:03:33"
"745","31","1625","2023-02-06 09:22:59"
"746","98","613","1985-02-24 13:22:18"
"747","48","1380","1979-02-07 16:34:26"
"748","68","323","1978-10-27 09:36:32"
"749","4","1038","1988-04-27 04:41:38"
"750","59","1501","2021-08-13 16:33:07"
"751","45","1653","1974-11-03 14:14:14"
"752","17","1026","2021-04-26 05:13:31"
"753","60","1158","1976-06-05 13:07:13"
"754","21","1053","1983-01-31 17:17:41"
"755","54","1809","2007-07-04 00:22:54"
"756","74","1351","2013-02-14 08:31:04"
"757","22","254","2020-09-25 07:46:39"
"758","31","195","1987-04-25 01:39:04"
"759","57","809","1972-08-08 22:17:31"
"760","51","1449","2019-09-05 10:00:27"
"761","55","565","2003-05-26 20:41:57"
"762","52","1929","1974-01-09 09:13:26"
"763","19","693","2004-03-26 00:24:57"
"764","15","739","2018-12-04 03:09:46"
"765","37","680","2000-08-29 21:52:24"
"766","92","1787","2010-06-18 14:12:10"
"767","91","314","1985-06-01 09:16:07"
"768","44","813","2005-01-15 16:11:25"
"769","81","622","2001-10-18 12:02:11"
"770","35","47","1975-05-29 05:27:19"
"771","94","1093","2003-02-18 19:59:07"
"772","47","195","2020-02-07 21:58:22"
"773","53","427","1991-01-23 04:19:49"
"774","39","503","2007-12-01 23:49:03"
"775","87","377","2018-03-20 22:48:09"
"776","98","1437","1993-05-16 22:16:17"
"777","85","150","2017-08-13 13:50:47"
"778","61","693","1978-06-01 17:50:19"
"779","38","1437","2011-09-09 22:52:29"
"780","24","1385","1981-08-01 07:55:35"
"781","58","131","1993-10-13 13:58:45"
"782","48","1680","1997-09-11 01:43:16"
"783","31","1299","2013-10-23 03:53:23"
"784","11","1739","2020-09-30 10:53:06"
"785","45","990","1983-08-05 14:21:22"
"786","67","1930","2014-08-07 12:41:56"
"787","35","1284","1988-03-04 05:07:45"
"788","59","87","2021-08-10 22:45:28"
"789","20","804","1988-12-25 19:18:16"
"790","45","971","1989-05-26 19:30:47"
"791","47","1345","1982-07-22 08:17:53"
"792","35","1805","2010-01-03 16:08:00"
"793","7","1442","1999-05-24 12:18:22"
"794","95","1279","1971-12-08 18:10:39"
"795","2","1974","2010-10-17 16:20:41"
"796","4","1541","1970-11-15 00:31:06"
"797","80","839","2011-10-28 14:14:49"
"798","24","131","1978-09-25 14:56:15"
"799","86","1430","2020-01-03 11:22:58"
"800","80","581","2015-09-14 15:21:57"
"801","99","671","1995-08-26 15:00:30"
"802","83","1028","2003-04-22 05:22:07"
"803","29","1147","2012-09-04 10:14:30"
"804","72","231","2014-05-02 23:25:53"
"805","74","1278","1992-09-21 17:05:56"
"806","97","481","1970-11-04 07:40:46"
"807","73","1390","2006-12-06 09:00:00"
"808","15","478","1980-08-31 12:03:13"
"809","61","287","2018-09-22 09:30:50"
"810","60","1774","2017-12-29 20:00:42"
"811","9","1884","1970-02-16 16:45:59"
"812","30","951","1996-12-18 17:45:49"
"813","40","33","1984-11-10 07:39:13"
"814","45","1327","2004-07-12 01:45:44"
"815","5","1848","1980-02-02 06:37:29"
"816","38","1220","1982-01-20 12:52:49"
"817","0","220","1998-07-04 08:17:57"
"818","44","1865","2021-07-04 00:00:24"
"819","69","141","1987-01-26 16:08:28"
"820","20","1548","2015-01-28 21:02:50"
"821","5","1503","1992-08-20 11:43:47"
"822","64","1885","1988-01-26 07:26:08"
"823","28","1582","2012-11-26 09:55:13"
"824","74","1632","2006-03-19 02:51:00"
"825","74","678","1976-12-07 18:04:08"
"826","43","594","1978-03-03 07:03:02"
"827","24","1595","1999-07-27 18:37:25"
"828","3","1308","1984-07-26 16:46:21"
"829","32","1749","2012-09-05 01:13:14"
"830","54","1234","1993-09-21 15:11:09"
"831","4","210","1977-09-09 10:28:53"
"832","55","1115","1973-07-31 12:56:11"
"833","96","1981","2022-11-21 17:20:51"
"834","63","1237","2015-09-06 08:02:14"
"835","20","1794","1985-06-24 10:33:53"
"836","4","250","1978-09-08 06:31:52"
"837","97","1470","2012-02-29 10:54:09"
"838","53","1305","2012-07-10 20:34:00"
"839","16","1393","1983-07-14 09:33:00"
"840","18","669","2013-02-26 21:56:35"
"841","86","74","1999-07-09 21:57:40"
"842","37","227","2001-11-24 12:56:46"
"843","40","854","1992-05-05 09:13:06"
"844","52","859","2016-04-30 13:40:09"
"845","46","512","1980-11-13 04:49:42"
"846","31","1575","2022-01-18 20:58:52"
"847","63","1787","1975-02-20 14:16:51"
"848","34","927","1975-07-02 21:48:56"
"849","79","1347","1971-12-26 15:58:16"
"850","40","907","2010-02-16 23:45:11"
"851","41","35","1976-10-13 03:43:50"
"852","57","1447","2010-12-12 12:57:02"
"853","31","374","1991-02-27 22:49:10"
"854","70","232","1995-10-09 05:54:45"
"855","45","1050","1985-12-19 09:56:15"
"856","98","1954","1986-01-01 05:13:16"
"857","87","549","2002-01-05 18:13:51"
"858","8","283","1978-05-25 09:57:27"
"859","68","9","2021-04-20 17:44:56"
"860","31","283","1989-02-27 18:41:11"
"861","0","583","2004-04-03 20:38:20"
"862","73","1768","1991-11-10 01:14:07"
"863","66","1797","1998-10-30 18:33:35"
"864","67","925","2011-10-27 20:40:36"
"865","58","360","2010-10-08 18:16:06"
"866","31","242","2018-12-20 19:34:07"
"867","47","1719","2016-01-12 16:11:40"
"868","77","135","1972-11-30 11:36:08"
"869","55","1061","1976-12-14 18:16:09"
"870","57","1998","1990-05-20 18:19:23"
"871","53","1185","1989-06-18 21:30:54"
"872","53","1203","2002-05-22 00:27:36"
"873","82","1603","1991-01-07 14:46:57"
"874","5","47","1982-05-10 04:57:08"
"875","98","998","1994-03-15 10:17:55"
"876","73","487","1992-12-22 18:01:40"
"877","33","1539","1970-12-05 12:39:37"
"878","35","1067","1997-09-07 13:09:42"
"879","81","510","2023-01-24 14:29:37"
"880","96","877","1979-12-15 02:43:41"
"881","16","1948","1979-09-30 14:29:39"
"882","97","247","2006-07-26 13:02:47"
"883","56","727","2009-10-30 16:24:33"
"884","81","363","1995-08-10 05:09:23"
"885","4","919","1990-12-23 07:48:29"
"886","41","1149","2001-08-25 05:49:39"
"887","82","595","2020-10-11 12:51:10"
"888","4","1982","2009-12-06 18:12:58"
"889","66","1704","1987-04-02 22:43:08"
"890","56","1063","1970-05-25 12:30:40"
"891","76","175","2005-07-10 05:23:51"
"892","30","857","2016-07-29 10:44:03"
"893","32","382","1976-04-02 19:50:43"
"894","72","1558","1976-12-21 03:20:10"
"895","70","1458","1980-11-10 04:56:53"
"896","75","1459","1999-06-07 23:34:39"
"897","9","1267","2012-05-23 02:46:59"
"898","19","850","2020-03-14 17:53:42"
"899","62","1536","1978-04-03 10:55:32"
"900","79","1642","1981-11-22 15:13:29"
"901","79","61","2016-05-30 09:21:07"
"902","82","254","1983-05-02 20:59:09"
"903","20","1554","2007-11-03 23:28:15"
"904","47","1900","1978-10-13 18:13:46"
"905","49","1184","1989-06-28 20:02:52"
"906","39","592","1977-08-17 23:42:07"
"907","34","1105","1976-07-27 15:20:52"
"908","2","160","1973-04-30 19:06:40"
"909","17","818","2005-11-09 00:18:40"
"910","61","1161","2001-03-21 13:47:47"
"911","50","1719","2010-02-16 14:29:08"
"912","22","858","1987-11-19 17:34:31"
"913","27","1149","1970-05-06 00:53:53"
"914","79","1456","2017-05-18 13:12:00"
"915","30","979","2007-12-20 15:06:11"
"916","12","491","2004-05-13 23:15:26"
"917","77","1357","2000-01-18 03:31:02"
"918","79","200","2005-09-06 03:58:31"
"919","29","1856","1971-01-24 15:24:55"
"920","35","1700","1990-03-22 08:59:00"
"921","98","1147","1971-11-07 01:24:10"
"922","75","1774","1980-03-27 09:40:23"
"923","4","1281","1996-01-02 15:03:48"
"924","38","1857","2011-02-22 17:25:21"
"925","45","160","1970-07-27 00:45:30"
"926","19","343","2018-02-13 01:47:46"
"927","59","1491","1980-05-21 00:32:00"
"928","71","1005","1995-03-01 14:08:04"
"929","35","828","1986-02-22 20:22:26"
"930","69","344","2017-10-02 22:23:30"
"931","31","1913","2014-02-04 15:24:02"
"932","56","882","1985-10-01 00:19:18"
"933","70","1286","2014-11-18 00:47:17"
"934","10","47","2019-03-10 06:32:07"
"935","88","1106","1986-06-10 01:06:45"
"936","75","1244","2005-09-04 01:27:10"
"937","49","273","2017-01-06 07:03:15"
"938","22","314","2019-08-31 04:17:42"
"939","6","476","1983-12-11 06:40:22"
"940","12","584","1975-06-08 15:14:33"
"941","63","1475","2010-10-14 09:18:12"
"942","80","109","2021-10-29 10:04:26"
"943","9","973","1989-05-18 14:03:26"
"944","57","1202","2007-06-09 01:56:01"
"945","18","56","1972-04-03 20:36:59"
"946","47","2","1996-06-06 16:33:22"
"947","22","1064","2007-07-22 20:09:32"
"948","45","565","1983-03-24 05:08:41"
"949","47","1539","1993-12-19 04:23:45"
"950","18","783","2001-07-16 12:48:24"
"951","55","1951","1994-04-29 04:32:35"
"952","20","1711","1997-05-19 22:26:25"
"953","95","569","1999-02-13 18:56:43"
"954","87","525","2019-10-19 05:20:32"
"955","61","1757","2022-03-11 12:22:45"
"956","65","1144","2023-05-30 16:42:59"
"957","48","152","1976-08-22 19:21:10"
"958","43","1704","1974-05-15 19:52:41"
"959","30","29","2008-07-05 12:30:08"
"960","28","743","2005-02-28 14:04:43"
"961","48","1209","2000-03-21 01:23:00"
"962","55","1221","2009-04-27 06:22:44"
"963","46","1271","2002-07-09 21:10:46"
"964","77","532","1996-08-05 11:24:22"
"965","12","134","2017-03-04 13:05:00"
"966","34","1069","1982-01-06 20:47:38"
"967","76","600","2015-02-07 22:02:22"
"968","83","426","1980-04-13 11:14:34"
"969","72","1305","1995-10-12 11:17:48"
"970","22","1849","1981-10-10 19:24:09"
"971","15","1048","2012-08-10 22:55:38"
"972","31","1791","1994-10-29 14:41:58"
"973","91","286","1991-12-08 23:21:09"
"974","27","1279","2001-06-20 18:48:33"
"975","0","1843","2010-12-23 12:34:00"
"976","96","1900","1977-03-19 23:03:12"
"977","50","273","2022-11-24 21:34:16"
"978","32","137","2004-08-01 17:41:16"
"979","3","1780","1976-10-12 05:00:33"
"980","21","432","1978-12-19 05:57:41"
"981","23","74","1985-04-05 22:32:17"
"982","6","1191","2018-07-30 10:49:01"
"983","72","200","1999-02-05 12:33:11"
"984","82","1813","1985-02-02 05:04:26"
"985","22","1028","1980-08-29 16:25:35"
"986","20","1736","2018-09-01 12:58:21"
"987","1","623","1997-09-30 18:12:35"
"988","55","892","1980-08-09 19:13:43"
"989","2","1116","2007-01-21 19:33:15"
"990","87","2","2023-09-03 01:26:36"
"991","6","993","1987-09-05 23:24:51"
"992","14","238","2007-06-03 02:43:12"
"993","11","1021","1978-07-29 20:05:29"
"994","20","931","2010-11-15 03:12:32"
"995","10","988","2004-12-25 09:23:05"
"996","88","1880","2010-08-28 20:31:22"
"997","79","351","1992-01-15 12:21:02"
"998","59","1644","1972-02-07 03:54:02"
"999","18","1337","1985-06-09 06:00:27"
"1000","14","1246","2021-10-28 15:41:31"
"1001","91","1300","2015-02-27 13:18:21"
"1002","37","391","2021-01-21 01:31:08"
"1003","94","401","1989-02-03 14:24:46"
"1004","5","1666","1981-11-21 08:42:56"
"1005","33","1152","1981-11-29 01:17:06"
"1006","98","557","2003-05-18 03:47:10"
"1007","25","1965","1985-02-11 13:08:58"
"1008","96","387","1975-03-02 03:36:48"
"1009","23","1430","2012-02-26 20:11:29"
"1010","58","1719","1992-09-28 02:38:48"
"1011","70","221","1985-11-24 09:26:25"
"1012","77","1246","1987-06-13 07:22:18"
"1013","55","9","2005-01-02 02:31:42"
"1014","6","1261","1987-09-15 22:07:13"
"1015","66","741","1980-03-29 03:31:24"
"1016","79","1979","2015-12-29 18:38:13"
"1017","84","511","2010-07-26 23:02:19"
"1018","39","583","2011-12-14 10:31:32"
"1019","19","407","2019-10-16 19:34:06"
"1020","1","250","2010-05-21 00:25:22"
"1021","3","1446","1996-04-26 01:13:16"
"1022","29","654","1977-03-30 11:27:26"
"1023","12","1106","2023-01-21 10:11:29"
"1024","46","1925","2004-05-09 05:10:40"
"1025","5","555","1992-10-07 13:04:04"
"1026","83","680","1971-08-01 10:00:02"
"1027","66","391","1974-08-04 10:22:49"
"1028","69","1752","2002-03-22 04:59:20"
"1029","20","256","2020-12-18 02:39:19"
"1030","41","565","1992-12-28 17:45:59"
"1031","25","1357","2004-10-25 14:11:31"
"1032","62","29","2000-07-24 13:09:55"
"1033","12","585","2003-02-08 17:34:57"
"1034","25","227","2005-01-15 18:59:17"
"1035","99","913","2006-12-12 09:04:38"
"1036","37","381","1977-02-06 06:04:32"
"1037","80","782","1978-02-10 12:14:29"
"1038","64","244","1982-09-01 09:16:41"
"1039","19","1404","1993-03-26 17:24:11"
"1040","63","1049","1981-08-03 20:55:03"
"1041","52","619","2014-10-20 17:50:29"
"1042","30","46","1998-12-04 18:00:47"
"1043","36","322","2014-07-15 08:27:16"
"1044","85","420","2021-09-04 16:17:58"
"1045","10","1725","2007-08-03 22:57:50"
"1046","83","664","2020-06-12 18:26:26"
"1047","6","1878","2018-11-25 17:03:59"
"1048","13","1459","1981-03-15 14:07:20"
"1049","67","91","1979-01-17 04:39:19"
"1050","30","1654","1985-03-31 02:15:52"
"1051","48","804","1992-05-06 00:24:30"
"1052","6","903","1991-10-10 12:59:10"
"1053","74","1623","2011-02-08 21:42:47"
"1054","47","1112","2015-07-02 00:44:20"
"1055","27","655","1997-03-13 12:04:09"
"1056","87","1631","2021-08-06 15:27:50"
"1057","99","1352","2008-01-11 05:22:11"
"1058","26","1862","1994-03-29 04:28:31"
"1059","23","904","2016-04-12 05:29:06"
"1060","16","1946","1992-10-18 10:43:46"
"1061","68","1450","2023-03-08 15:33:43"
"1062","58","41","1982-10-29 18:00:22"
"1063","21","207","2022-02-09 18:41:42"
"1064","70","753","1990-08-04 12:11:37"
"1065","97","381","1983-02-22 22:34:20"
"1066","14","1059","2019-01-31 12:38:42"
"1067","2","1575","2017-04-21 07:33:10"
"1068","65","231","2017-01-05 03:04:55"
"1069","39","1227","1980-07-09 06:59:49"
"1070","78","1049","2005-07-31 18:26:07"
"1071","85","961","1997-12-13 19:52:47"
"1072","1","21","2010-06-29 07:23:38"
"1073","80","141","2008-01-04 07:00:51"
"1074","83","1473","1986-02-26 11:23:25"
"1075","31","1872","1992-03-31 15:04:11"
"1076","89","1716","2005-09-29 02:56:07"
"1077","64","503","1998-03-06 06:07:49"
"1078","91","414","1996-10-07 11:40:14"
"1079","72","1758","2018-09-22 15:40:52"
"1080","92","807","1973-01-03 23:10:14"
"1081","89","1355","1981-10-10 04:07:34"
"1082","80","242","1986-06-01 17:21:28"
"1083","75","1268","1992-08-18 10:15:34"
"1084","2","1519","2012-10-29 15:21:25"
"1085","60","1880","1972-08-31 20:38:37"
"1086","93","436","1974-12-05 03:25:09"
"1087","64","1361","2002-12-18 12:29:51"
"1088","41","989","1980-01-30 12:47:55"
"1089","17","1595","1976-12-30 12:47:33"
"1090","34","1161","1985-09-09 14:30:22"
"1091","29","1485","1996-12-27 13:34:33"
"1092","71","1671","2009-03-29 03:14:07"
"1093","79","1430","2022-08-23 15:25:52"
"1094","91","281","1990-09-26 16:34:05"
"1095","10","931","1996-12-17 05:20:38"
"1096","44","1467","2013-06-14 00:13:08"
"1097","85","1303","2023-04-27 20:21:03"
"1098","4","308","2023-06-23 01:56:49"
"1099","27","1665","1987-09-19 07:59:54"
"1100","19","1116","1983-03-14 16:12:58"
"1101","78","202","2015-10-01 06:47:16"
"1102","9","119","1973-05-28 08:17:09"
"1103","83","435","2022-02-11 23:26:14"
"1104","15","1713","1983-01-09 12:48:33"
"1105","26","325","2013-12-20 04:04:43"
"1106","98","1287","1972-10-17 04:40:07"
"1107","77","1901","2009-04-06 13:42:40"
"1108","90","544","2014-04-09 10:33:11"
"1109","11","1137","2021-09-19 05:14:44"
"1110","35","407","2020-07-24 11:01:33"
"1111","42","890","1981-05-27 21:13:29"
"1112","88","1767","1989-07-27 14:56:01"
"1113","19","1950","1975-02-02 20:36:00"
"1114","71","919","1986-03-25 03:43:24"
"1115","2","574","2003-12-07 13:42:11"
"1116","22","289","2004-10-07 12:15:02"
"1117","61","1655","1977-09-08 15:18:20"
"1118","90","1827","2004-03-08 14:36:50"
"1119","12","1872","1973-07-25 09:18:33"
"1120","92","1284","2004-08-23 17:47:26"
"1121","42","701","2011-08-26 09:13:30"
"1122","38","1848","1976-08-08 07:33:39"
"1123","16","1462","1970-06-01 07:22:26"
"1124","67","774","1996-10-15 16:00:38"
"1125","61","1339","1980-10-01 08:26:31"
"1126","56","1657","2012-08-29 01:55:51"
"1127","82","503","2023-07-23 12:51:01"
"1128","48","374","1985-06-09 07:40:45"
"1129","78","401","1989-04-11 20:39:31"
"1130","72","765","1986-03-14 07:47:40"
"1131","80","1996","2004-09-21 04:14:58"
"1132","0","1491","1974-12-02 20:41:07"
"1133","48","768","1995-03-29 15:58:25"
"1134","50","1424","1984-09-11 03:20:13"
"1135","16","1245","1983-01-03 12:18:09"
"1136","84","1711","2003-10-29 10:58:05"
"1137","26","1267","1975-06-27 10:05:38"
"1138","32","121","1998-01-03 19:19:51"
"1139","18","965","1976-08-08 09:23:34"
"1140","55","947","1981-01-15 15:17:22"
"1141","44","783","2017-02-08 07:35:17"
"1142","37","1330","1991-07-20 23:46:32"
"1143","89","1831","2012-12-05 14:26:52"
"1144","51","1092","2001-03-02 20:21:29"
"1145","34","1669","2009-08-16 00:54:02"
"1146","25","200","2019-02-18 19:51:47"
"1147","89","1149","1982-01-25 11:38:55"
"1148","64","1555","2010-02-11 02:30:21"
"1149","91","532","2015-06-25 15:14:56"
"1150","20","47","1995-10-12 20:32:01"
"1151","11","1303","2015-07-16 05:29:21"
"1152","38","1191","2004-01-20 18:31:39"
"1153","62","1699","1990-11-22 09:38:49"
"1154","49","865","1975-09-24 15:21:23"
"1155","81","799","1992-09-17 14:52:43"
"1156","51","633","1992-09-19 05:19:10"
"1157","69","171","1972-12-01 20:14:05"
"1158","35","323","2000-09-17 10:28:15"
"1159","64","940","2016-03-26 22:20:42"
"1160","5","1423","1984-05-26 14:58:08"
"1161","57","1361","1981-09-21 01:37:23"
"1162","50","741","2000-05-12 01:57:18"
"1163","39","134","1992-10-07 06:25:33"
"1164","22","1900","2008-11-26 15:09:09"
"1165","33","1245","1978-05-09 18:28:52"
"1166","9","478","2020-09-20 13:42:51"
"1167","0","973","1987-04-26 17:24:36"
"1168","25","452","2013-03-12 03:44:49"
"1169","27","1676","1984-10-30 16:22:15"
"1170","24","1316","1998-01-01 23:50:36"
"1171","4","548","2007-07-06 22:34:03"
"1172","56","645","1990-11-25 10:07:33"
"1173","31","350","2013-10-05 10:34:19"
"1174","6","353","1988-11-05 07:49:40"
"1175","48","1515","2020-01-30 18:40:14"
"1176","71","1996","2002-01-10 03:08:18"
"1177","37","741","1993-01-01 20:18:44"
"1178","35","433","1972-07-02 13:08:09"
"1179","19","705","2009-08-29 02:49:28"
"1180","12","941","1981-05-20 14:44:09"
"1181","95","813","1971-04-10 02:28:42"
"1182","90","968","1981-07-19 17:23:55"
"1183","88","38","2015-06-13 17:28:25"
"1184","49","1850","2021-04-09 06:49:07"
"1185","74","246","1993-07-11 06:06:22"
"1186","82","358","1993-07-10 09:36:45"
"1187","79","1797","2011-08-10 20:56:55"
"1188","65","1610","1974-11-18 08:10:11"
"1189","72","621","2013-01-28 02:56:10"
"1190","41","256","2019-12-29 12:45:24"
"1191","68","1300","1975-06-12 01:59:04"
"1192","82","887","2007-02-13 09:18:29"
"1193","64","231","2003-06-11 11:56:02"
"1194","22","313","2006-10-22 01:33:05"
"1195","46","202","1980-10-13 03:09:24"
"1196","46","1102","1985-03-25 03:02:43"
"1197","91","150","2007-12-04 05:33:34"
"1198","96","376","1997-11-30 04:30:37"
"1199","55","647","2015-10-29 11:27:30"
"1200","56","1740","1994-03-01 00:29:16"
"1201","12","593","2020-03-25 17:09:38"
"1202","43","471","1982-06-09 01:36:28"
"1203","39","1992","1978-03-13 10:47:35"
"1204","84","1749","1988-08-17 23:26:08"
"1205","7","622","1995-08-14 04:33:27"
"1206","74","1739","2020-11-27 17:15:32"
"1207","24","1140","1982-12-19 11:23:06"
"1208","69","710","1994-11-27 06:44:41"
"1209","15","1746","2009-03-10 20:05:49"
"1210","66","1501","1993-10-28 17:00:34"
"1211","27","1199","2015-10-05 11:39:38"
"1212","67","1393","2011-07-31 03:58:47"
"1213","27","600","1979-11-26 10:17:58"
"1214","50","799","1982-10-06 00:19:14"
"1215","23","540","1971-10-05 13:47:03"
"1216","31","1992","1992-11-07 18:35:09"
"1217","82","1267","1979-12-27 02:22:07"
"1218","13","330","1989-07-22 20:17:05"
"1219","3","567","2020-11-23 16:31:53"
"1220","68","1424","1985-01-18 16:44:32"
"1221","43","774","1981-01-14 02:01:34"
"1222","68","747","2020-04-18 12:59:14"
"1223","14","1237","1993-12-18 14:02:57"
"1224","7","764","1986-06-20 00:21:53"
"1225","81","1152","2022-01-14 02:21:11"
"1226","82","1410","1998-04-11 15:06:12"
"1227","76","1393","1972-08-02 04:36:08"
"1228","12","438","2012-06-20 23:26:06"
"1229","72","976","2001-09-11 03:21:12"
"1230","82","621","2003-11-29 00:14:10"
"1231","11","1409","1970-03-12 11:18:00"
"1232","91","1327","1982-10-09 00:03:38"
"1233","11","1794","1973-08-12 16:39:18"
"1234","56","835","1997-02-04 11:23:31"
"1235","41","1134","1978-09-10 19:40:18"
"1236","40","289","2019-10-18 02:15:07"
"1237","4","92","2000-02-17 09:12:32"
"1238","17","1250","1985-11-03 12:47:44"
"1239","7","1862","2010-08-25 18:49:58"
"1240","37","988","2000-08-09 22:15:06"
"1241","92","337","1985-01-03 22:19:45"
"1242","38","1311","1977-09-29 04:21:31"
"1243","66","1017","1991-06-08 22:52:55"
"1244","95","452","1974-03-30 04:54:26"
"1245","31","787","2004-07-14 13:19:06"
"1246","58","136","1977-01-18 07:50:41"
"1247","13","382","1989-10-06 18:40:47"
"1248","36","1845","2014-10-27 23:28:27"
"1249","30","865","1988-10-19 21:51:09"
"1250","69","876","1984-05-10 04:19:19"
"1251","74","659","2002-10-17 17:25:57"
"1252","28","1008","1974-09-29 23:46:47"
"1253","40","1176","1975-05-03 11:38:34"
"1254","76","416","1981-09-16 05:25:00"
"1255","87","340","1983-05-07 03:15:00"
"1256","1","805","1996-09-21 10:44:42"
"1257","38","377","2022-07-17 07:28:23"
"1258","86","1338","2022-09-03 13:10:13"
"1259","59","273","2022-12-12 04:00:14"
"1260","10","1996","1982-12-17 22:04:28"
"1261","86","883","1992-03-29 13:01:52"
"1262","89","231","2017-07-16 10:38:13"
"1263","21","579","2012-07-18 17:33:45"
"1264","29","1442","1983-11-26 13:19:36"
"1265","53","1572","2017-08-10 22:32:00"
"1266","77","883","2018-04-16 11:10:52"
"1267","38","831","1983-01-25 09:51:04"
"1268","59","245","2011-10-05 04:58:00"
"1269","84","753","2003-11-18 13:12:09"
"1270","30","1501","2020-10-31 21:57:49"
"1271","79","1486","1994-11-04 01:12:43"
"1272","82","10","2000-10-17 15:24:12"
"1273","9","1810","2021-05-29 05:17:29"
"1274","75","1172","2012-06-30 03:35:38"
"1275","34","1303","1988-04-30 23:02:05"
"1276","12","111","2006-10-27 15:43:34"
"1277","81","868","2022-02-10 12:16:33"
"1278","44","626","1995-06-29 12:25:40"
"1279","12","1299","1975-12-19 17:11:04"
"1280","85","1685","1993-03-10 01:54:24"
"1281","4","1553","1984-06-06 20:03:37"
"1282","36","557","2010-07-31 06:13:14"
"1283","6","548","1972-08-09 03:41:55"
"1284","0","1739","1976-04-10 00:01:52"
"1285","14","1410","1980-06-07 14:58:12"
"1286","12","890","1972-10-22 21:23:48"
"1287","66","636","2002-11-28 07:12:09"
"1288","7","783","1987-10-26 16:12:12"
"1289","54","774","2003-03-04 16:42:42"
"1290","21","286","1971-12-23 12:46:28"
"1291","18","750","1982-07-25 06:40:26"
"1292","60","1548","1990-08-04 16:13:36"
"1293","1","1238","1989-09-01 19:42:18"
"1294","87","1205","2018-03-03 08:07:14"
"1295","50","212","1993-03-09 23:34:54"
"1296","86","993","1975-02-19 06:36:12"
"1297","26","119","2017-01-02 22:44:55"
"1298","5","307","1971-05-04 13:30:27"
"1299","56","1467","2004-07-02 20:43:16"
"1300","78","366","1974-09-07 06:50:11"
"1301","89","330","2007-04-12 04:29:41"
"1302","3","1663","1990-04-30 22:20:55"
"1303","90","585","1978-05-05 18:18:52"
"1304","46","1954","2019-07-18 08:29:34"
"1305","16","1876","1972-10-15 19:30:36"
"1306","95","1205","1985-05-26 08:59:49"
"1307","55","104","2010-07-01 15:17:36"
"1308","76","1244","1989-04-17 07:21:41"
"1309","56","1011","1977-09-15 00:04:58"
"1310","62","1478","1995-11-23 21:31:03"
"1311","11","1447","1999-04-20 17:23:18"
"1312","91","734","1971-12-24 09:21:34"
"1313","0","1637","2002-08-18 22:00:09"
"1314","55","1676","2005-12-01 16:44:10"
"1315","56","624","2009-06-06 17:05:16"
"1316","46","1299","1988-08-18 11:16:24"
"1317","65","1639","2001-09-03 22:47:16"
"1318","64","350","1996-02-12 12:58:59"
"1319","28","1654","1977-06-04 20:39:50"
"1320","17","1973","1997-08-10 13:25:14"
"1321","1","825","2015-09-18 01:25:08"
"1322","50","361","1977-06-24 16:01:08"
"1323","83","206","1977-09-12 14:36:26"
"1324","29","221","1984-08-08 16:24:06"
"1325","81","633","1996-03-06 08:28:50"
"1326","5","1298","1993-04-01 02:30:28"
"1327","41","1798","2007-12-14 05:58:54"
"1328","86","187","2018-04-01 07:54:19"
"1329","84","1344","1991-09-02 17:29:58"
"1330","49","777","1983-08-05 10:45:34"
"1331","17","314","2017-05-15 13:31:08"
"1332","67","1234","2008-08-13 08:30:05"
"1333","55","819","1992-07-14 15:30:34"
"1334","18","339","2017-10-12 08:44:27"
"1335","59","1676","1994-08-29 10:23:51"
"1336","81","1462","2018-06-21 12:25:01"
"1337","68","764","1988-04-23 06:06:54"
"1338","89","1093","1971-10-02 22:47:25"
"1339","99","416","2011-10-22 20:24:52"
"1340","66","2","1982-04-18 21:58:52"
"1341","52","850","1975-10-12 22:43:15"
"1342","61","1872","1996-04-19 23:14:22"
"1343","6","1429","1973-08-20 17:36:09"
"1344","93","1834","2012-12-23 15:16:19"
"1345","1","1246","2011-08-04 20:23:00"
"1346","45","319","1993-08-15 17:02:10"
"1347","56","331","2014-05-04 04:41:32"
"1348","79","1234","2016-02-01 02:22:28"
"1349","33","1055","2022-11-20 03:46:37"
"1350","15","1078","1994-10-21 16:37:13"
"1351","95","244","1991-10-01 14:59:21"
"1352","21","1628","2012-05-19 21:17:37"
"1353","31","287","1997-03-23 11:11:07"
"1354","89","1797","1972-11-05 12:31:45"
"1355","39","254","1994-10-27 00:54:44"
"1356","28","1847","1986-05-30 11:14:14"
"1357","69","1358","2001-04-29 11:19:40"
"1358","68","295","2004-07-24 03:02:15"
"1359","3","1095","1972-10-29 14:20:49"
"1360","6","436","1987-08-10 12:22:27"
"1361","99","1547","2023-11-02 04:34:28"
"1362","89","1554","1985-08-19 13:27:30"
"1363","27","1172","1978-11-28 22:10:23"
"1364","88","47","1975-03-10 04:06:08"
"1365","4","435","2022-03-06 07:45:24"
"1366","91","1757","1994-12-28 03:22:12"
"1367","2","1971","1984-07-24 05:38:58"
"1368","57","1046","2019-05-04 05:51:12"
"1369","19","847","1994-11-28 19:47:44"
"1370","97","654","1989-05-02 16:27:41"
"1371","98","1292","2016-07-04 21:47:52"
"1372","96","768","1971-04-10 15:16:32"
"1373","23","1657","1986-03-12 22:25:56"
"1374","76","1954","1975-09-02 00:48:12"
"1375","47","939","2020-10-27 11:57:05"
"1376","13","1750","1989-04-27 01:21:50"
"1377","17","311","1980-12-29 16:20:00"
"1378","25","1205","2012-05-04 04:06:03"
"1379","92","2","2019-12-19 02:34:55"
"1380","34","182","1973-01-23 16:22:11"
"1381","79","388","2001-02-01 02:27:49"
"1382","36","1496","1988-06-26 00:41:27"
"1383","50","809","1974-07-08 18:38:17"
"1384","85","313","1983-06-16 08:51:24"
"1385","7","351","1982-12-31 11:59:01"
"1386","83","318","1973-02-21 10:13:01"
"1387","25","1301","2009-12-13 20:51:39"
"1388","45","1229","2022-11-03 02:12:47"
"1389","66","677","1982-10-20 12:09:01"
"1390","90","182","1976-07-06 19:49:38"
"1391","1","286","1977-12-09 04:43:26"
"1392","68","1805","2015-10-29 22:56:55"
"1393","12","254","1999-02-06 07:27:31"
"1394","61","407","2006-05-02 14:44:13"
"1395","88","1127","1978-03-27 11:11:30"
"1396","18","1908","2007-11-17 17:46:09"
"1397","36","693","2012-06-28 23:06:44"
"1398","75","471","1980-01-22 00:23:11"
"1399","55","1563","1973-01-08 03:02:54"
"1400","60","491","1978-05-09 22:14:21"
"1401","93","1050","2020-06-07 06:53:02"
"1402","34","1115","1988-01-18 13:03:12"
"1403","44","948","1991-07-25 14:46:01"
"1404","18","1299","2011-08-05 21:12:36"
"1405","53","353","1973-08-26 11:17:36"
"1406","70","243","2006-04-13 16:35:38"
"1407","63","1865","1994-02-13 17:34:03"
"1408","88","1005","1990-11-26 10:06:34"
"1409","96","133","1971-04-07 18:26:12"
"1410","31","377","1977-12-27 15:44:15"
"1411","52","943","1971-11-26 06:46:38"
"1412","10","1856","2009-02-03 02:35:18"
"1413","86","1836","2015-06-30 10:52:58"
"1414","3","200","2007-11-17 05:37:06"
"1415","16","1396","2016-02-11 09:25:42"
"1416","19","692","2005-08-11 08:50:54"
"1417","35","651","1996-08-06 23:05:09"
"1418","38","1135","2011-10-10 00:21:12"
"1419","41","754","2018-03-04 22:12:27"
"1420","16","689","1992-08-26 16:59:19"
"1421","14","1574","1992-12-15 16:12:12"
"1422","36","1379","1973-05-05 12:43:45"
"1423","61","1862","2008-06-19 02:26:53"
"1424","66","1948","1991-07-13 03:53:31"
"1425","34","1051","2014-01-12 16:25:36"
"1426","18","1493","2019-06-07 00:59:41"
"1427","16","1794","2007-09-19 08:51:43"
"1428","2","1287","1982-06-15 04:58:39"
"1429","7","1867","1993-07-10 16:06:54"
"1430","69","1789","1993-03-12 21:04:46"
"1431","3","1884","1983-10-09 01:05:17"
"1432","41","153","1993-04-07 23:20:01"
"1433","88","1597","2000-04-15 08:20:14"
"1434","96","1297","2007-02-25 21:14:28"
"1435","81","750","2006-07-29 05:11:42"
"1436","79","1061","2003-11-30 12:08:15"
"1437","40","1530","1989-11-22 00:26:46"
"1438","25","196","2008-11-13 22:57:48"
"1439","96","1049","1987-05-28 04:56:22"
"1440","11","1968","1988-06-03 22:08:22"
"1441","64","1982","1975-02-12 05:32:50"
"1442","3","824","2001-08-06 17:44:56"
"1443","24","1865","1994-04-19 21:13:25"
"1444","94","1453","1996-12-24 22:14:43"
"1445","93","326","1987-10-25 09:04:06"
"1446","58","149","1985-12-28 12:32:48"
"1447","15","1112","2021-09-29 05:54:01"
"1448","2","1278","1981-02-27 17:00:58"
"1449","76","1261","2023-07-23 04:01:05"
"1450","35","281","2022-04-07 00:29:57"
"1451","60","1442","1991-06-12 01:54:07"
"1452","1","480","2016-11-22 03:21:26"
"1453","54","1253","2000-07-31 21:47:02"
"1454","58","171","2009-10-04 02:53:33"
"1455","71","439","1976-10-31 21:55:39"
"1456","18","758","2016-07-16 04:31:50"
"1457","46","1006","2021-11-11 11:01:48"
"1458","63","926","1991-10-18 17:50:06"
"1459","81","1857","1975-09-19 20:12:21"
"1460","56","1654","2010-02-08 23:42:26"
"1461","14","886","1986-01-20 12:41:13"
"1462","19","80","1975-03-02 15:35:13"
"1463","74","739","2019-09-16 09:58:45"
"1464","14","547","2009-09-04 16:32:24"
"1465","27","460","1995-06-03 13:49:20"
"1466","49","229","2018-06-28 19:40:27"
"1467","8","1701","2005-10-13 08:48:32"
"1468","37","1185","1982-06-14 13:26:21"
"1469","83","1115","2008-03-13 12:38:40"
"1470","88","1229","1986-06-07 09:38:09"
"1471","70","1806","1983-05-06 19:44:06"
"1472","66","1859","2013-04-27 15:38:39"
"1473","78","1369","2014-09-30 05:22:42"
"1474","7","487","1970-02-11 21:42:23"
"1475","76","229","1989-06-14 08:37:25"
"1476","65","391","2015-06-13 03:54:39"
"1477","97","273","2018-01-12 22:35:45"
"1478","8","185","1982-11-05 13:32:09"
"1479","31","1793","1988-03-04 16:06:27"
"1480","98","1023","2017-03-08 18:27:41"
"1481","50","622","1979-11-04 23:14:53"
"1482","5","1475","2023-04-30 04:31:29"
"1483","47","575","1994-05-19 03:07:05"
"1484","52","932","1990-06-15 07:29:21"
"1485","34","940","2022-07-29 02:12:04"
"1486","9","1829","2017-07-16 20:51:55"
"1487","55","1161","2023-04-07 07:03:00"
"1488","64","1776","1986-10-26 13:55:18"
"1489","35","231","1981-01-16 20:30:22"
"1490","24","1632","1971-01-20 11:52:31"
"1491","72","1272","1987-09-25 03:05:19"
"1492","32","1950","1996-01-20 19:51:32"
"1493","71","648","2019-11-16 10:25:39"
"1494","3","1281","2006-06-23 06:13:14"
"1495","87","1791","1987-03-27 16:44:38"
"1496","56","609","1987-09-07 14:33:14"
"1497","29","1237","1976-02-08 07:31:56"
"1498","33","1700","1974-06-17 10:22:36"
"1499","27","1631","2018-09-24 05:00:33"
"1500","99","1524","2010-06-19 07:31:46"
"1501","54","187","2000-06-30 18:52:24"
"1502","44","1313","2023-09-26 06:44:30"
"1503","2","307","1971-03-14 19:17:26"
"1504","6","1539","1988-05-24 19:24:12"
"1505","54","1970","1998-01-05 19:58:13"
"1506","86","926","2005-08-30 20:42:26"
"1507","5","1844","2013-11-16 22:52:36"
"1508","29","1011","2007-01-23 10:11:54"
"1509","9","1666","1978-05-10 10:57:40"
"1510","75","1852","2023-02-20 11:13:00"
"1511","88","1844","2018-04-02 05:53:27"
"1512","78","1478","1996-02-10 17:18:12"
"1513","35","1139","1976-02-14 05:36:41"
"1514","68","1887","2009-09-06 04:42:50"
"1515","94","434","1971-08-08 18:01:51"
"1516","82","1493","1995-01-01 09:44:36"
"1517","37","1647","2008-09-06 22:56:20"
"1518","58","1287","2012-02-23 03:33:39"
"1519","18","1935","2010-04-26 19:20:58"
"1520","44","1883","1998-07-12 14:36:47"
"1521","27","1333","1978-12-22 07:29:40"
"1522","52","1759","2014-09-20 20:51:46"
"1523","73","1575","1977-10-10 17:22:09"
"1524","77","1866","1989-01-31 18:37:17"
"1525","47","481","1993-12-11 17:16:48"
"1526","25","1145","1983-03-11 18:56:06"
"1527","26","893","2017-08-27 16:44:56"
"1528","56","1257","2001-12-09 23:35:10"
"1529","32","1358","1985-07-07 18:04:51"
"1530","75","1142","1994-05-14 10:41:27"
"1531","49","74","1982-11-17 21:21:03"
"1532","4","1301","2004-06-19 01:49:12"
"1533","26","835","1972-01-07 21:47:53"
"1534","66","1827","2003-09-12 22:43:59"
"1535","89","1885","1987-07-19 03:37:31"
"1536","82","1632","1976-02-17 17:01:57"
"1537","23","592","2007-01-01 11:49:04"
"1538","92","1176","1977-12-20 07:02:45"
"1539","71","1237","2002-08-18 06:20:10"
"1540","65","426","1992-04-29 17:29:41"
"1541","24","835","2007-11-06 12:17:44"
"1542","80","339","1992-02-10 11:33:56"
"1543","71","1901","2001-08-31 02:00:46"
"1544","6","291","2013-08-07 10:25:13"
"1545","58","1925","1995-08-23 20:43:48"
"1546","57","1491","1983-05-02 18:07:28"
"1547","94","1473","1972-06-22 21:39:07"
"1548","67","1783","1985-01-07 23:11:05"
"1549","11","1059","1991-10-05 05:30:33"
"1550","75","1818","1980-04-30 06:54:00"
"1551","44","584","1982-07-03 13:33:16"
"1552","71","965","1986-02-03 16:58:10"
"1553","25","907","2002-04-29 17:38:48"
"1554","59","470","1970-07-27 15:54:10"
"1555","60","439","2013-01-05 14:12:59"
"1556","49","475","1981-04-19 05:00:40"
"1557","10","1948","1972-08-16 02:16:19"
"1558","56","919","1991-06-11 00:22:37"
"1559","99","1105","1975-02-11 09:25:11"
"1560","62","688","1975-07-22 14:46:11"
"1561","69","149","1982-03-24 10:07:36"
"1562","52","1103","1978-01-29 16:53:30"
"1563","80","251","2017-01-20 10:16:36"
"1564","98","1746","2002-04-24 16:00:13"
"1565","30","1163","1973-03-28 14:07:34"
"1566","38","1806","1978-02-18 20:26:44"
"1567","59","1865","1984-02-04 01:07:01"
"1568","19","1066","1992-01-05 10:37:10"
"1569","98","2","1999-09-03 17:28:09"
"1570","59","1572","2008-06-23 00:56:59"
"1571","63","417","1977-06-29 13:55:20"
"1572","25","1298","2010-03-05 20:43:16"
"1573","97","704","1994-11-08 20:54:35"
"1574","22","1081","1993-11-02 01:45:39"
"1575","74","1784","2014-07-20 21:18:17"
"1576","77","1632","1990-09-01 07:43:20"
"1577","39","1609","2012-03-10 20:11:46"
"1578","17","1224","2003-05-15 10:10:52"
"1579","4","39","2015-10-27 16:51:03"
"1580","72","783","1986-02-28 19:28:39"
"1581","58","1901","1987-09-13 16:28:16"
"1582","74","815","1991-11-19 03:06:29"
"1583","5","1837","1997-06-25 08:59:04"
"1584","51","1831","1987-09-13 12:29:09"
"1585","92","1502","1974-07-14 12:43:16"
"1586","15","1747","1972-12-04 08:36:28"
"1587","0","1527","2015-05-12 08:16:54"
"1588","84","1073","1973-11-02 03:15:34"
"1589","92","366","1996-08-28 01:10:50"
"1590","22","121","2020-03-10 22:18:20"
"1591","61","1070","1999-07-23 21:23:12"
"1592","31","1970","1992-06-21 17:55:01"
"1593","51","1244","2002-05-15 00:52:14"
"1594","45","133","1981-07-26 14:05:09"
"1595","1","1883","1999-01-31 17:45:18"
"1596","97","799","1984-05-12 18:08:34"
"1597","85","1655","2019-04-01 11:50:47"
"1598","2","135","1998-03-14 14:34:43"
"1599","2","1281","2009-04-11 08:09:12"
"1600","29","1978","1987-08-30 20:39:14"
"1601","7","1279","2003-03-31 06:35:36"
"1602","55","1763","2019-10-09 04:27:23"
"1603","12","135","2004-05-18 20:05:43"
"1604","56","592","2010-07-08 17:10:45"
"1605","85","73","2019-07-29 02:02:18"
"1606","61","467","1992-09-27 19:43:33"
"1607","28","784","1983-04-18 06:45:59"
"1608","51","1970","1995-07-24 01:54:52"
"1609","18","1246","1995-07-29 23:50:26"
"1610","13","903","2009-04-28 13:52:47"
"1611","14","1215","2017-10-05 22:26:32"
"1612","12","326","2020-03-26 17:20:00"
"1613","4","382","2002-05-26 09:23:47"
"1614","78","1103","2003-03-07 03:21:19"
"1615","45","198","2012-09-15 03:35:07"
"1616","34","1878","1994-09-28 09:00:07"
"1617","53","1912","1973-07-20 23:27:38"
"1618","47","51","1990-06-18 19:16:16"
"1619","47","57","1993-01-17 15:18:26"
"1620","86","344","1999-10-19 16:22:03"
"1621","88","1442","1996-11-23 11:16:15"
"1622","54","1486","1974-12-03 05:24:48"
"1623","66","1326","1983-08-27 12:10:25"
"1624","86","1327","2016-08-30 19:56:35"
"1625","32","1147","1999-10-14 17:02:27"
"1626","21","105","2001-03-27 11:51:16"
"1627","41","1772","1980-05-29 05:24:36"
"1628","89","1373","1981-07-08 01:22:15"
"1629","98","859","1976-05-03 16:50:44"
"1630","41","1801","2002-04-04 10:07:31"
"1631","16","497","1991-06-03 21:07:58"
"1632","88","28","2001-12-05 13:42:43"
"1633","14","458","2020-10-04 16:56:59"
"1634","95","378","1985-12-25 13:28:31"
"1635","93","245","2012-07-10 06:26:34"
"1636","73","498","2009-12-11 13:04:10"
"1637","27","83","1991-03-23 21:57:06"
"1638","71","1618","2011-01-11 02:14:03"
"1639","84","1423","1978-12-09 20:58:54"
"1640","88","831","1997-03-26 00:28:02"
"1641","44","1159","2010-04-20 00:29:23"
"1642","63","1027","1995-06-24 10:49:58"
"1643","1","1515","1972-12-04 19:23:16"
"1644","83","1988","2010-06-16 18:46:30"
"1645","59","1693","1970-12-26 05:21:42"
"1646","62","949","1971-10-22 19:33:26"
"1647","20","1021","2012-04-16 09:24:03"
"1648","80","1554","2017-09-16 20:13:52"
"1649","12","557","2011-05-23 17:19:16"
"1650","16","1493","1981-08-22 18:34:23"
"1651","16","804","1992-06-23 06:44:33"
"1652","47","1183","1991-05-23 09:53:17"
"1653","95","1073","1974-10-06 11:22:46"
"1654","74","1069","2006-08-22 11:02:29"
"1655","78","799","2005-04-14 19:47:51"
"1656","57","1862","1972-10-17 05:37:46"
"1657","68","1429","1991-06-09 13:35:15"
"1658","89","1572","2001-04-05 03:15:29"
"1659","58","1319","1986-01-27 07:22:45"
"1660","68","56","1985-04-09 03:50:16"
"1661","29","1028","2021-06-26 12:39:41"
"1662","67","774","1984-08-22 07:18:23"
"1663","86","308","2005-05-29 00:04:32"
"1664","56","1244","2011-02-28 12:32:22"
"1665","70","559","1992-10-05 09:36:51"
"1666","15","347","1975-11-08 15:51:42"
"1667","49","1596","1985-12-03 05:23:22"
"1668","55","366","2002-11-26 04:31:23"
"1669","81","1728","2019-01-22 05:42:08"
"1670","19","233","1994-11-16 21:12:39"
"1671","16","1666","1971-02-05 17:03:07"
"1672","85","1511","2014-12-23 19:14:55"
"1673","8","1219","2009-03-12 09:58:00"
"1674","42","1610","2000-08-01 02:37:07"
"1675","17","341","2001-08-06 10:57:14"
"1676","43","1527","1973-03-27 21:20:03"
"1677","44","947","2021-11-03 16:06:39"
"1678","26","1292","2011-06-09 23:04:49"
"1679","93","1365","2009-12-06 18:44:20"
"1680","21","1642","1979-05-28 16:27:01"
"1681","77","655","1979-01-20 23:46:34"
"1682","95","605","1974-04-14 07:23:11"
"1683","56","408","1989-11-09 01:05:55"
"1684","51","1837","2020-03-17 23:29:44"
"1685","90","883","2004-10-30 21:24:11"
"1686","57","1098","2021-04-07 18:04:56"
"1687","37","603","2007-07-16 06:49:44"
"1688","71","1497","1995-12-26 11:07:20"
"1689","3","1298","1972-12-23 09:38:42"
"1690","66","753","1995-12-16 00:24:32"
"1691","81","1668","2013-07-14 03:22:37"
"1692","84","1300","2002-07-19 22:48:33"
"1693","3","1272","2011-02-14 07:42:56"
"1694","98","273","1988-01-22 22:40:39"
"1695","5","787","1986-05-30 10:47:22"
"1696","24","401","2003-04-03 06:05:00"
"1697","73","1358","2011-01-04 14:04:43"
"1698","62","537","1982-05-02 11:40:51"
"1699","44","1195","2008-10-21 19:07:16"
"1700","45","569","2007-10-02 04:12:22"
"1701","28","1050","2020-01-31 11:09:39"
"1702","13","1049","1975-03-30 13:47:35"
"1703","60","59","2020-08-01 12:40:41"
"1704","41","1503","2014-11-25 18:23:55"
"1705","40","793","2021-02-07 09:18:53"
"1706","58","432","2014-06-18 11:17:34"
"1707","56","1470","1982-04-20 02:06:48"
"1708","3","1862","2014-12-19 18:02:06"
"1709","61","1467","1972-11-08 18:07:32"
"1710","90","1720","2011-01-10 07:58:37"
"1711","83","1442","1995-02-05 23:55:40"
"1712","10","1866","1981-08-24 10:56:28"
"1713","69","183","1989-02-14 10:43:41"
"1714","54","856","2006-07-10 15:59:18"
"1715","32","111","2018-11-05 02:01:57"
"1716","52","1298","2006-12-18 17:09:59"
"1717","40","1313","1990-12-30 05:15:11"
"1718","57","1501","2008-11-21 09:31:29"
"1719","80","961","2021-08-07 13:11:07"
"1720","17","815","2016-06-07 02:15:48"
"1721","30","688","2011-01-24 04:55:23"
"1722","2","1641","2022-02-10 00:24:18"
"1723","26","183","2008-04-08 17:42:24"
"1724","40","430","2013-06-10 12:22:39"
"1725","45","904","1995-04-21 21:26:41"
"1726","0","1234","2008-03-26 14:57:19"
"1727","57","18","2021-02-14 05:55:45"
"1728","92","1946","1990-01-31 20:03:24"
"1729","47","1332","1988-07-20 14:07:14"
"1730","77","1061","2012-11-13 01:12:22"
"1731","88","167","1985-01-02 17:29:49"
"1732","97","1175","1993-10-23 18:14:58"
"1733","68","1081","2004-07-28 19:07:31"
"1734","18","1741","1976-05-26 07:42:16"
"1735","56","1424","1974-11-04 11:31:59"
"1736","6","1450","2023-03-20 21:17:32"
"1737","77","1336","1985-11-05 00:20:17"
"1738","45","605","1979-05-10 09:07:22"
"1739","94","1725","2011-03-17 14:29:03"
"1740","76","1704","1970-06-10 05:25:21"
"1741","57","155","2010-06-23 04:32:39"
"1742","65","1424","1993-04-21 13:06:58"
"1743","29","893","1989-04-06 03:16:04"
"1744","0","23","2017-10-13 01:22:53"
"1745","17","784","2015-10-07 17:04:42"
"1746","41","1039","1980-02-11 00:05:56"
"1747","42","1196","1970-07-14 20:29:53"
"1748","90","411","1991-04-19 11:05:06"
"1749","82","1759","1981-09-07 09:29:38"
"1750","56","1145","1974-04-15 06:07:26"
"1751","94","448","1973-07-24 06:20:39"
"1752","59","1937","2022-08-07 08:40:55"
"1753","91","1685","1974-06-21 01:30:15"
"1754","99","557","1997-09-08 13:14:08"
"1755","14","1437","1982-02-09 10:32:34"
"1756","57","1078","2011-03-10 16:44:27"
"1757","41","745","2000-10-12 12:06:32"
"1758","85","1719","1985-08-11 09:23:21"
"1759","56","1140","2015-10-17 20:00:19"
"1760","70","478","1993-11-28 06:27:33"
"1761","5","1199","1988-08-05 07:30:22"
"1762","55","1999","1972-04-04 03:54:16"
"1763","20","1347","1972-10-27 16:01:18"
"1764","88","1925","2022-01-14 18:12:25"
"1765","8","503","1997-09-20 00:53:15"
"1766","70","1796","1996-01-27 22:51:09"
"1767","29","175","1973-12-17 10:04:46"
"1768","27","56","1980-03-09 03:19:39"
"1769","66","38","1982-02-27 04:43:35"
"1770","37","641","1997-09-04 16:50:59"
"1771","54","1137","1995-04-07 15:23:31"
"1772","8","633","1999-08-02 06:59:58"
"1773","24","1598","1975-08-17 08:56:23"
"1774","65","990","1991-11-30 07:53:42"
"1775","36","1021","1989-06-27 09:57:51"
"1776","94","549","1999-05-10 13:45:43"
"1777","33","401","2002-08-24 01:28:54"
"1778","8","1935","1976-07-11 12:36:20"
"1779","92","1038","2015-12-31 23:36:40"
"1780","58","1809","2018-04-01 21:05:38"
"1781","53","1803","1970-01-18 16:11:40"
"1782","48","1174","1986-01-03 04:43:24"
"1783","42","28","1989-09-30 16:01:22"
"1784","64","901","1979-07-15 08:48:01"
"1785","95","333","1976-09-10 04:00:28"
"1786","70","1983","2013-03-27 20:42:00"
"1787","3","542","1991-05-23 22:27:26"
"1788","38","1299","1971-07-17 22:00:06"
"1789","63","435","2005-12-20 13:13:40"
"1790","22","1727","2021-01-04 05:57:20"
"1791","62","160","2015-01-04 08:38:19"
"1792","61","104","1991-04-12 19:13:16"
"1793","23","165","1984-03-16 08:33:14"
"1794","77","839","1970-03-19 05:34:02"
"1795","42","1058","1996-12-22 20:50:59"
"1796","65","944","1994-04-05 00:54:50"
"1797","32","859","2004-09-15 15:25:48"
"1798","52","248","1994-05-14 16:56:14"
"1799","2","21","1978-04-23 06:23:49"
"1800","82","1857","1984-02-16 00:19:18"
"1801","43","1107","1974-09-10 22:15:16"
"1802","5","1138","1978-04-28 01:14:04"
"1803","5","877","1980-11-29 20:23:11"
"1804","7","1507","2004-02-25 23:49:03"
"1805","85","974","2006-07-28 10:58:02"
"1806","66","1501","2004-08-10 15:57:48"
"1807","1","1338","1983-08-01 19:31:58"
"1808","67","186","1973-02-28 18:34:51"
"1809","65","452","1986-11-10 12:31:46"
"1810","76","1524","1983-08-14 10:24:16"
"1811","1","1606","1992-07-12 23:18:27"
"1812","26","525","1996-11-15 16:18:20"
"1813","43","1307","1992-05-07 12:29:58"
"1814","45","201","2013-09-23 14:17:32"
"1815","41","389","1992-02-27 03:01:01"
"1816","5","876","2001-07-13 13:16:46"
"1817","59","1637","1972-10-11 23:29:17"
"1818","37","1284","1996-08-03 13:19:04"
"1819","84","86","1984-01-18 21:58:35"
"1820","19","456","1985-03-07 14:59:32"
"1821","94","195","1985-08-01 20:05:01"
"1822","73","540","1971-03-09 18:12:29"
"1823","99","1103","1978-06-29 17:47:29"
"1824","15","1116","1975-03-21 05:17:19"
"1825","40","993","1978-11-27 12:55:19"
"1826","73","1716","1987-09-05 06:09:11"
"1827","42","1625","2019-10-28 00:08:52"
"1828","38","1142","1989-05-10 06:34:44"
"1829","33","339","1974-05-17 05:31:15"
"1830","89","407","2008-09-12 09:48:11"
"1831","93","357","2018-11-30 01:51:16"
"1832","35","456","1993-01-27 05:14:37"
"1833","27","1813","1981-11-02 10:11:40"
"1834","23","1539","1972-08-01 16:44:33"
"1835","32","1537","2014-08-06 09:42:05"
"1836","46","346","1981-06-02 22:32:22"
"1837","32","577","1981-11-19 14:46:19"
"1838","71","612","1972-01-14 03:55:53"
"1839","48","353","1986-02-04 03:15:24"
"1840","65","1124","1981-11-28 00:40:19"
"1841","58","650","2017-12-14 01:27:43"
"1842","76","1145","1981-10-11 03:18:28"
"1843","94","1539","2016-09-06 22:58:34"
"1844","68","979","1989-05-17 10:44:10"
"1845","4","761","2001-10-31 12:18:34"
"1846","7","939","2022-05-01 08:34:00"
"1847","73","1673","1992-09-02 01:32:45"
"1848","55","595","2021-11-03 13:58:38"
"1849","2","747","2022-10-23 05:25:43"
"1850","5","247","2007-08-04 22:10:14"
"1851","43","1950","1970-05-22 10:53:37"
"1852","38","277","1978-01-02 14:51:58"
"1853","72","353","1996-01-24 11:53:03"
"1854","82","1325","2008-08-23 07:16:08"
"1855","99","159","1994-08-05 08:34:42"
"1856","16","353","1986-10-19 18:38:33"
"1857","34","1831","2006-07-29 09:06:36"
"1858","71","1641","1972-03-17 09:59:44"
"1859","15","165","2000-07-14 14:01:21"
"1860","61","953","1982-05-06 12:56:27"
"1861","39","497","1991-04-04 13:05:50"
"1862","87","887","2009-08-29 01:39:28"
"1863","86","1069","1982-08-08 13:17:55"
"1864","39","777","1976-06-05 20:36:32"
"1865","5","613","2016-03-19 09:54:26"
"1866","26","141","1990-09-10 22:31:33"
"1867","0","1746","1999-05-21 17:26:00"
"1868","57","1265","1972-12-25 20:18:57"
"1869","1","1430","2006-10-30 11:01:51"
"1870","31","1862","2022-12-18 04:41:40"
"1871","22","745","2001-10-04 06:48:57"
"1872","43","1380","1981-05-27 13:45:33"
"1873","49","340","2000-08-11 08:34:27"
"1874","10","104","2001-07-04 02:25:06"
"1875","80","523","2012-02-14 08:55:34"
"1876","20","1352","2007-02-21 12:25:47"
"1877","19","1789","2004-09-09 05:01:42"
"1878","28","1644","2009-03-28 23:29:03"
"1879","28","741","2009-04-04 03:38:32"
"1880","56","1670","1980-04-14 17:11:45"
"1881","51","1510","2018-03-06 00:19:08"
"1882","2","931","1988-07-07 17:06:51"
"1883","32","1778","1975-12-17 22:00:24"
"1884","95","1250","1970-02-19 18:09:42"
"1885","18","9","1998-02-12 20:09:16"
"1886","46","857","1987-11-28 16:20:13"
"1887","53","857","2017-10-14 08:53:17"
"1888","92","399","1996-07-26 19:38:10"
"1889","51","1951","2009-10-28 09:28:52"
"1890","22","953","1995-09-01 19:36:07"
"1891","93","1555","1997-03-28 19:22:35"
"1892","61","502","2008-01-08 04:39:35"
"1893","68","351","2003-01-11 07:50:43"
"1894","86","56","2015-03-08 18:53:03"
"1895","19","533","1991-01-04 00:43:54"
"1896","20","433","1983-06-27 01:59:43"
"1897","25","1103","1979-11-22 19:58:48"
"1898","59","497","1973-08-31 00:05:58"
"1899","36","1885","2015-06-24 23:46:16"
"1900","95","754","2011-06-25 15:43:27"
"1901","14","1720","2015-04-15 15:09:56"
"1902","35","391","1978-09-08 04:57:16"
"1903","82","1891","1976-11-24 18:29:18"
"1904","77","883","2000-08-11 09:46:26"
"1905","94","1297","1973-09-20 08:44:55"
"1906","13","1867","2022-11-30 01:18:22"
"1907","23","1369","1999-12-15 11:26:41"
"1908","84","1048","2001-10-07 23:59:48"
"1909","50","1337","1991-05-05 00:31:11"
"1910","21","515","1974-02-17 05:59:41"
"1911","64","295","1977-06-15 02:54:14"
"1912","90","785","2005-10-14 03:58:46"
"1913","21","1988","2011-10-11 12:32:44"
"1914","5","1842","2013-06-12 16:08:09"
"1915","14","1271","1985-01-01 07:49:27"
"1916","42","849","2013-09-30 15:13:44"
"1917","85","1852","2023-03-15 03:45:19"
"1918","82","209","1973-10-25 11:11:16"
"1919","46","512","1977-05-31 16:30:29"
"1920","56","764","2005-09-25 15:29:08"
"1921","70","1887","2009-12-26 16:57:59"
"1922","0","1573","2013-07-20 16:05:06"
"1923","82","291","2017-01-15 11:19:27"
"1924","22","1046","1981-07-31 22:46:59"
"1925","37","11","1981-04-18 15:24:42"
"1926","96","326","1974-08-04 14:02:59"
"1927","34","1475","1995-12-21 16:58:05"
"1928","82","1857","2021-08-14 10:24:44"
"1929","67","1769","2009-03-03 06:33:24"
"1930","32","1064","1989-04-26 10:07:49"
"1931","77","1098","1995-08-28 16:11:15"
"1932","60","411","1993-12-08 10:51:53"
"1933","20","307","1972-05-15 05:49:15"
"1934","95","1693","2013-05-24 10:19:55"
"1935","25","35","2003-08-26 02:06:46"
"1936","33","979","1986-01-05 16:14:43"
"1937","21","1619","2020-05-18 20:02:12"
"1938","55","1878","1973-06-13 09:51:39"
"1939","10","434","2010-06-09 15:01:23"
"1940","25","257","2005-02-11 23:03:32"
"1941","59","783","2015-10-17 13:19:04"
"1942","76","1609","2002-05-01 10:01:12"
"1943","69","767","2021-02-13 21:33:06"
"1944","37","187","1985-03-15 12:34:53"
"1945","60","1891","1990-11-14 07:42:09"
"1946","67","1368","2020-07-05 18:38:56"
"1947","72","947","1994-08-08 06:52:56"
"1948","77","1227","2018-11-15 06:03:34"
"1949","43","889","1985-12-26 18:56:07"
"1950","9","559","2010-11-15 06:38:43"
"1951","84","73","1972-03-05 02:56:39"
"1952","86","1880","1973-06-11 09:29:08"
"1953","92","1308","2000-05-08 04:12:43"
"1954","30","741","1999-04-10 03:34:40"
"1955","96","360","1994-05-27 20:25:55"
"1956","21","339","2008-01-08 20:11:54"
"1957","95","613","1996-05-10 08:13:32"
"1958","9","641","1989-08-23 06:05:22"
"1959","42","206","1973-09-09 04:18:39"
"1960","7","939","2013-03-03 15:44:09"
"1961","33","1095","1977-10-19 19:18:29"
"1962","40","291","1994-08-06 17:51:07"
"1963","2","1355","1972-01-13 16:50:12"
"1964","42","1279","1984-11-30 10:44:13"
"1965","14","782","1984-06-14 17:37:22"
"1966","47","369","2013-09-05 06:20:30"
"1967","25","1093","2011-07-08 12:21:13"
"1968","12","511","1991-10-14 14:38:28"
"1969","10","1297","1997-01-10 23:41:18"
"1970","67","1573","1980-06-24 08:12:30"
"1971","0","603","1991-06-06 21:07:11"
"1972","9","59","2012-04-12 22:46:14"
"1973","98","149","1982-07-09 23:15:23"
"1974","73","761","2001-06-07 20:32:19"
"1975","49","21","1982-02-25 06:11:59"
"1976","74","1515","1986-12-09 00:34:48"
"1977","57","806","1976-06-28 22:53:26"
"1978","58","1604","1996-09-13 20:35:02"
"1979","55","1026","2023-05-31 04:26:52"
"1980","69","1837","2005-06-18 07:48:24"
"1981","97","1951","1985-03-19 21:56:30"
"1982","73","378","1986-10-09 23:14:57"
"1983","50","605","1974-07-13 14:35:09"
"1984","40","1215","2020-01-29 01:24:20"
"1985","0","656","1994-12-11 15:07:16"
"1986","9","1078","1991-03-30 14:38:26"
"1987","92","1182","1980-09-08 09:06:55"
"1988","79","1355","1970-03-11 09:28:56"
"1989","7","1574","1974-11-23 13:58:28"
"1990","0","1905","1987-10-23 17:23:46"
"1991","27","981","1980-05-08 14:44:53"
"1992","21","826","1970-12-23 17:17:26"
"1993","69","989","1988-01-24 12:51:13"
"1994","14","1102","1995-06-13 20:41:51"
"1995","6","1670","1977-11-07 16:51:55"
"1996","71","23","1987-05-03 10:12:55"
"1997","49","467","1979-12-28 04:00:40"
"1998","33","1704","2020-03-16 03:18:12"
"1999","15","764","1971-05-14 13:09:42"
"2000","18","580","1970-10-27 02:35:31"
"2001","90","1719","1983-09-21 19:13:52"
"2002","57","817","1997-03-16 16:05:00"
"2003","82","1174","2000-09-26 22:19:32"
"2004","57","1347","2012-10-18 10:04:14"
"2005","48","753","1987-03-14 17:32:35"
"2006","68","401","2010-05-26 20:25:02"
"2007","56","890","2004-07-19 05:30:24"
"2008","44","587","2022-11-27 06:24:44"
"2009","38","1999","1995-03-22 22:18:04"
"2010","31","1167","1995-03-17 23:43:02"
"2011","19","643","2021-11-21 07:13:23"
"2012","50","1668","2022-07-31 00:11:43"
"2013","47","1639","2023-09-20 03:26:43"
"2014","50","1891","1987-03-18 14:28:21"
"2015","17","167","1992-08-29 19:02:59"
"2016","69","1563","2023-04-03 16:33:50"
"2017","62","1547","1989-04-17 16:18:18"
"2018","68","886","1985-12-14 17:33:10"
"2019","77","882","1997-01-18 14:10:57"
"2020","6","1500","1972-05-19 10:48:02"
"2021","30","886","1990-02-03 05:38:37"
"2022","40","620","2020-01-19 01:49:02"
"2023","86","619","1984-10-29 13:57:38"
"2024","53","741","1987-01-31 10:45:48"
"2025","85","1842","2013-09-13 10:30:57"
"2026","50","1526","1998-04-25 14:59:00"
"2027","37","1784","1994-06-11 20:00:31"
"2028","66","1376","1997-07-23 02:31:35"
"2029","96","971","1990-11-23 09:06:18"
"2030","38","1265","1983-07-18 02:23:58"
"2031","32","1064","2009-01-30 19:48:35"
"2032","11","1013","1979-05-18 21:35:00"
"2033","23","1320","1979-04-29 03:29:27"
"2034","79","1117","1988-08-28 19:37:03"
"2035","55","346","1993-12-13 01:18:24"
"2036","55","882","1992-05-20 14:07:59"
"2037","78","727","1980-05-23 07:36:50"
"2038","87","51","2004-08-15 08:32:37"
"2039","90","1246","2013-09-16 22:49:54"
"2040","77","86","2021-03-10 01:15:30"
"2041","39","1739","1988-04-12 12:06:42"
"2042","90","647","2021-12-16 23:43:05"
"2043","92","1317","1987-08-20 00:22:07"
"2044","32","1068","1971-02-28 23:48:53"
"2045","25","83","2009-07-15 02:09:01"
"2046","4","1409","1989-11-30 19:21:52"
"2047","79","408","2008-06-02 09:29:45"
"2048","86","993","1983-06-08 22:43:28"
"2049","51","1905","1977-01-10 17:58:31"
"2050","32","1794","1997-07-18 23:12:45"
"2051","64","600","1982-08-17 21:51:45"
"2052","48","742","1985-09-25 15:59:53"
"2053","81","1470","2012-11-01 02:04:00"
"2054","70","1889","2000-10-06 08:05:54"
"2055","71","1884","2019-09-19 22:34:22"
"2056","11","1832","1994-11-20 01:39:45"
"2057","42","940","2009-07-29 13:46:45"
"2058","26","420","2016-12-27 04:13:19"
"2059","24","743","1988-02-04 10:18:43"
"2060","66","795","2020-10-26 22:40:52"
"2061","25","1962","2021-05-13 07:21:23"
"2062","12","886","2002-11-12 03:43:07"
"2063","92","448","2010-06-15 17:26:59"
"2064","67","1870","2020-02-24 05:13:50"
"2065","88","927","1997-09-07 21:22:07"
"2066","71","430","1993-05-27 12:59:21"
"2067","4","159","1998-07-05 03:36:33"
"2068","48","1776","1976-10-04 02:50:17"
"2069","57","1700","1988-12-25 00:07:25"
"2070","88","343","1996-03-23 17:30:48"
"2071","24","184","1979-04-12 17:09:21"
"2072","68","1049","2003-02-10 21:47:56"
"2073","58","1668","1985-05-17 21:33:55"
"2074","51","21","1975-12-28 21:57:04"
"2075","70","1610","1981-06-19 03:58:42"
"2076","16","1135","1972-02-28 22:21:29"
"2077","34","1889","1980-08-18 10:07:15"
"2078","73","1475","2009-05-04 21:47:10"
"2079","70","1791","1984-04-15 12:20:17"
"2080","62","221","1992-05-05 17:36:50"
"2081","97","600","1989-02-05 18:38:03"
"2082","90","931","1994-01-07 19:36:41"
"2083","63","1884","1991-10-27 05:13:50"
"2084","29","706","2001-03-25 11:43:18"
"2085","50","1937","2011-04-06 09:24:29"
"2086","79","1666","1998-03-05 02:18:04"
"2087","33","1274","1994-11-23 19:12:16"
"2088","22","229","1981-08-13 10:10:03"
"2089","93","1055","1999-01-21 17:15:35"
"2090","9","277","2015-11-27 02:41:57"
"2091","7","392","1995-10-17 15:53:09"
"2092","25","1844","2012-08-28 22:44:00"
"2093","16","1084","1970-09-14 04:33:21"
"2094","55","1900","1972-08-16 21:34:25"
"2095","90","1478","1988-02-19 08:48:03"
"2096","36","1292","1982-10-26 18:56:26"
"2097","70","1832","1991-06-04 22:35:47"
"2098","29","903","2004-12-02 00:42:01"
"2099","49","182","2021-08-13 14:32:24"
"2100","63","1783","2020-09-20 01:02:41"
"2101","54","160","1978-03-07 07:48:28"
"2102","76","1158","2014-01-27 12:41:03"
"2103","64","1365","1998-11-08 06:39:36"
"2104","74","925","2014-05-12 16:05:04"
"2105","73","311","1979-05-18 14:33:20"
"2106","12","1316","1997-10-10 02:57:42"
"2107","29","1511","2021-10-18 09:50:38"
"2108","49","655","2004-05-09 21:02:08"
"2109","99","623","2000-03-30 05:53:22"
"2110","16","925","1979-03-09 04:55:12"
"2111","43","1673","1979-10-07 00:00:55"
"2112","13","1027","1973-04-11 00:12:42"
"2113","55","1555","1978-06-23 07:52:49"
"2114","87","557","1990-07-11 16:26:01"
"2115","59","1666","1990-08-01 00:17:03"
"2116","94","454","2001-04-14 00:42:49"
"2117","22","971","2022-05-15 02:20:08"
"2118","40","324","1979-03-24 09:25:15"
"2119","8","1160","2005-05-31 19:34:55"
"2120","91","761","1976-09-11 17:18:53"
"2121","79","254","2010-12-28 19:42:03"
"2122","3","579","2010-07-17 12:22:37"
"2123","0","90","1993-03-26 21:47:25"
"2124","83","308","1994-03-03 22:18:41"
"2125","6","44","2019-06-10 01:14:29"
"2126","0","237","2003-11-15 02:07:44"
"2127","63","1784","2003-04-05 00:03:17"
"2128","50","333","1979-04-29 12:49:53"
"2129","66","1209","2003-01-03 21:52:30"
"2130","63","453","1990-05-29 13:20:43"
"2131","35","1588","2000-04-21 09:01:45"
"2132","87","1134","1985-11-28 01:47:48"
"2133","66","1655","1971-09-02 15:09:15"
"2134","73","183","2017-06-25 03:55:58"
"2135","66","376","2002-12-09 08:05:06"
"2136","48","1061","2005-01-16 10:09:49"
"2137","66","1457","2019-05-16 17:04:28"
"2138","12","761","1991-12-11 18:53:43"
"2139","43","1285","2014-09-10 17:02:44"
"2140","55","1644","2013-02-19 18:19:41"
"2141","18","731","1976-08-19 01:57:53"
"2142","9","701","1972-09-20 18:58:35"
"2143","80","1827","1989-07-11 08:30:26"
"2144","62","1527","2000-03-30 10:25:04"
"2145","73","429","2008-02-10 10:42:18"
"2146","13","1801","1988-11-05 02:24:26"
"2147","40","1667","2021-01-21 19:04:34"
"2148","20","1134","1981-05-21 00:58:05"
"2149","92","41","1989-03-07 17:50:49"
"2150","55","422","2016-11-15 05:42:14"
"2151","93","1503","1971-02-20 16:04:52"
"2152","19","59","1993-04-24 20:03:21"
"2153","28","822","2000-12-01 21:19:17"
"2154","92","784","2015-02-11 09:17:33"
"2155","55","1176","1979-03-25 05:14:52"
"2156","56","439","1981-09-26 04:52:46"
"2157","15","111","2008-07-13 20:42:25"
"2158","72","1707","1988-10-30 01:18:26"
"2159","51","999","2000-03-16 06:07:11"
"2160","88","1098","2018-01-10 18:59:23"
"2161","0","1827","1979-10-13 04:42:30"
"2162","73","1442","1998-10-10 09:47:33"
"2163","50","1970","2006-10-25 12:54:26"
"2164","85","577","2019-08-26 08:22:36"
"2165","82","1259","1975-07-10 07:33:06"
"2166","91","758","2010-12-24 02:08:28"
"2167","59","1878","1975-10-23 22:41:09"
"2168","60","244","2022-06-28 06:14:10"
"2169","88","387","1972-05-22 06:09:09"
"2170","75","1793","1992-08-18 07:52:26"
"2171","20","1774","2010-04-19 23:54:23"
"2172","99","1496","2007-04-30 10:45:50"
"2173","17","1396","1971-10-14 04:16:46"
"2174","87","116","2008-02-11 13:03:10"
"2175","93","1727","1977-10-27 11:25:41"
"2176","30","408","1999-01-27 12:26:03"
"2177","27","1924","2000-04-01 19:28:11"
"2178","55","18","1976-06-13 09:45:42"
"2179","27","1669","2014-01-22 05:05:08"
"2180","85","1496","1978-04-19 13:44:59"
"2181","6","212","2009-03-03 01:14:17"
"2182","7","1973","1995-07-21 15:48:52"
"2183","84","889","2020-06-18 16:42:59"
"2184","66","1901","1970-09-07 11:52:14"
"2185","25","1628","1990-04-03 18:30:10"
"2186","68","1039","1975-08-14 22:23:00"
"2187","49","677","1981-10-26 19:29:55"
"2188","83","926","2005-12-04 21:04:12"
"2189","62","452","2007-10-10 05:15:14"
"2190","31","1175","2011-04-14 19:08:36"
"2191","1","374","1975-04-14 21:58:56"
"2192","37","787","1988-10-24 08:10:41"
"2193","95","1485","1980-05-01 02:14:56"
"2194","53","850","2019-02-12 05:23:11"
"2195","93","1852","1982-08-06 06:26:06"
"2196","34","1725","1988-04-07 15:40:36"
"2197","5","1628","2014-02-11 12:14:13"
"2198","67","778","2020-03-29 06:23:17"
"2199","6","1100","2013-08-02 09:42:23"
"2200","13","1524","1992-09-13 07:45:47"
"2201","28","9","2022-12-07 12:51:29"
"2202","81","243","1978-01-04 15:17:43"
"2203","81","283","2023-01-05 09:22:16"
"2204","31","1973","1989-05-02 12:50:06"
"2205","78","1240","2022-08-01 07:55:15"
"2206","94","1925","2011-10-03 20:03:24"
"2207","36","1813","1987-03-03 22:18:52"
"2208","56","734","1995-04-08 17:53:14"
"2209","29","1911","1975-05-10 13:03:33"
"2210","87","532","2021-10-18 01:03:45"
"2211","84","680","1990-10-01 21:42:30"
"2212","42","1","1973-04-12 04:39:06"
"2213","68","1257","2016-03-15 07:03:21"
"2214","41","454","2001-06-20 14:53:22"
"2215","87","1684","2019-09-14 07:58:08"
"2216","59","1572","2023-06-11 12:02:14"
"2217","93","621","1989-11-26 05:20:37"
"2218","13","682","2001-08-28 17:54:40"
"2219","5","664","2020-09-22 10:04:08"
"2220","26","1339","1971-11-18 20:09:28"
"2221","1","768","1993-12-15 11:05:53"
"2222","45","705","1988-06-26 20:33:38"
"2223","46","281","2022-12-04 00:30:11"
"2224","34","1284","1980-07-17 18:50:56"
"2225","21","244","2018-05-22 16:15:29"
"2226","41","813","1974-11-13 03:12:04"
"2227","51","1563","2021-12-12 02:11:08"
"2228","65","1352","1980-03-26 07:19:42"
"2229","56","648","2013-10-01 17:52:53"
"2230","9","1668","1982-01-30 22:14:31"
"2231","40","725","2021-09-14 19:32:11"
"2232","51","540","2002-02-05 21:23:27"
"2233","5","1430","1978-06-26 18:18:01"
"2234","86","819","1993-05-13 04:18:10"
"2235","56","1657","1978-10-10 21:10:41"
"2236","56","511","1973-08-06 03:54:42"
"2237","97","931","1989-01-06 10:19:33"
"2238","89","1793","1994-07-04 02:28:10"
"2239","1","671","1988-02-12 20:01:55"
"2240","91","931","2014-08-22 18:59:27"
"2241","92","825","1993-05-21 20:33:22"
"2242","19","1390","2023-10-08 01:57:20"
"2243","54","1183","2006-08-26 22:16:19"
"2244","63","1891","2011-10-02 02:32:29"
"2245","2","1663","2020-08-14 14:15:18"
"2246","85","1831","1982-05-12 16:31:08"
"2247","48","1511","2018-05-19 21:34:18"
"2248","1","1029","2006-01-13 00:32:30"
"2249","54","1305","2000-08-22 23:05:27"
"2250","29","448","2018-04-04 18:33:14"
"2251","58","944","2001-03-16 12:07:58"
"2252","27","680","1991-12-11 22:51:22"
"2253","85","474","2022-12-09 19:04:25"
"2254","11","1595","1996-06-18 08:43:23"
"2255","36","1374","1986-08-24 11:24:46"
"2256","18","917","1983-11-15 18:53:11"
"2257","76","1591","1981-06-03 17:19:40"
"2258","46","201","2005-04-08 18:21:22"
"2259","78","92","1999-02-17 10:15:55"
"2260","1","476","2002-11-18 22:24:18"
"2261","51","1102","2023-06-29 04:15:46"
"2262","2","1981","1988-02-05 08:45:35"
"2263","27","196","1991-06-20 03:44:52"
"2264","21","919","1972-11-01 20:11:50"
"2265","39","1598","1979-04-24 10:50:14"
"2266","51","381","1984-11-04 06:41:09"
"2267","77","655","2008-01-06 15:42:08"
"2268","80","515","2010-08-08 18:29:26"
"2269","64","1554","2006-12-04 01:42:42"
"2270","49","1709","1977-09-13 03:05:41"
"2271","54","1515","1990-02-04 08:43:31"
"2272","64","171","1982-08-11 09:48:43"
"2273","61","1142","1974-12-10 04:34:32"
"2274","1","1006","2020-05-11 15:45:54"
"2275","35","645","1973-12-23 20:23:34"
"2276","80","1435","2021-04-28 13:15:08"
"2277","6","1199","1989-05-02 14:27:43"
"2278","1","1808","1988-04-09 12:56:51"
"2279","2","877","1998-09-14 20:25:37"
"2280","14","1575","1978-11-30 14:44:08"
"2281","96","416","1988-12-24 08:57:52"
"2282","61","245","2010-04-27 05:58:30"
"2283","20","323","2003-05-18 00:30:24"
"2284","15","1537","2004-01-02 13:45:00"
"2285","94","1470","2008-04-13 16:55:21"
"2286","78","200","2010-02-02 13:26:35"
"2287","44","1980","2011-05-08 03:10:08"
"2288","30","1215","2006-05-23 07:04:40"
"2289","16","767","2006-12-31 02:31:57"
"2290","55","754","2007-02-15 21:02:00"
"2291","34","1809","1998-02-06 01:14:06"
"2292","96","1429","2019-01-15 12:17:42"
"2293","26","829","1993-06-25 16:41:54"
"2294","40","323","1994-06-20 19:36:29"
"2295","57","183","1991-05-09 21:38:03"
"2296","22","1317","2006-11-06 10:05:23"
"2297","35","61","1999-02-02 08:34:29"
"2298","20","319","2016-11-16 05:36:05"
"2299","50","481","2019-11-24 22:52:29"
"2300","10","1676","2001-10-18 14:29:08"
"2301","30","1859","1996-05-21 23:09:47"
"2302","96","1117","2013-11-18 00:07:44"
"2303","87","1003","1993-04-16 14:27:16"
"2304","4","1457","2000-07-22 13:31:07"
"2305","94","1899","2011-07-15 02:16:21"
"2306","28","831","2011-10-31 01:53:53"
"2307","30","555","1999-10-08 22:24:21"
"2308","44","1332","1987-10-03 23:40:39"
"2309","95","1867","2005-01-06 19:33:01"
"2310","0","1839","2000-03-26 16:55:26"
"2311","88","358","2022-06-02 10:44:28"
"2312","73","498","2012-01-28 00:55:40"
"2313","98","1797","1989-04-21 12:07:17"
"2314","14","1192","1983-11-24 22:52:25"
"2315","44","1937","2006-09-02 23:37:05"
"2316","39","251","2012-06-01 10:26:19"
"2317","54","1446","1970-03-04 08:57:24"
"2318","85","829","1982-08-31 17:19:09"
"2319","95","250","1992-05-05 16:49:25"
"2320","72","133","2006-04-06 01:10:13"
"2321","38","835","2009-08-05 04:45:56"
"2322","57","734","1971-03-30 09:46:25"
"2323","52","243","2013-06-08 20:50:28"
"2324","75","246","1989-06-12 04:26:12"
"2325","49","480","2011-07-17 12:19:30"
"2326","39","953","1990-05-26 12:50:07"
"2327","21","659","2020-11-24 15:46:46"
"2328","96","1496","2003-11-13 09:20:21"
"2329","90","1051","2023-10-25 11:29:18"
"2330","63","849","2008-02-15 20:42:50"
"2331","19","1998","1973-05-30 13:39:55"
"2332","40","1880","2013-06-11 22:16:41"
"2333","40","1593","1999-09-20 12:36:50"
"2334","63","104","2012-09-16 16:04:04"
"2335","71","1152","2010-01-07 10:52:11"
"2336","43","711","2007-01-27 06:03:03"
"2337","0","1484","1976-09-03 15:23:28"
"2338","81","555","1980-02-16 14:18:09"
"2339","10","856","1988-03-19 10:32:10"
"2340","84","369","2019-09-14 14:59:31"
"2341","55","565","1999-07-04 18:05:48"
"2342","97","1637","2001-04-12 13:58:11"
"2343","30","426","1982-08-07 04:48:11"
"2344","94","64","1977-04-24 15:23:47"
"2345","6","1259","2002-12-12 15:59:46"
"2346","1","1303","2014-03-29 15:58:15"
"2347","63","1867","1977-08-07 15:09:33"
"2348","36","170","1983-01-02 14:01:46"
"2349","81","1391","2002-05-21 16:33:03"
"2350","1","1930","2011-09-18 15:28:57"
"2351","54","623","2003-07-04 05:19:24"
"2352","30","868","2019-03-13 22:49:49"
"2353","16","1154","2006-06-21 07:46:33"
"2354","24","1064","1982-02-06 22:07:19"
"2355","80","1253","1977-11-04 21:38:17"
"2356","9","1851","2023-07-16 10:31:47"
"2357","99","585","1989-07-02 02:14:29"
"2358","27","633","1972-01-06 23:45:52"
"2359","51","1167","2015-09-13 20:08:01"
"2360","39","1998","2017-08-07 23:51:15"
"2361","83","644","1999-01-05 21:04:15"
"2362","44","835","1996-11-23 06:14:22"
"2363","21","1070","1986-10-25 12:05:19"
"2364","51","1344","1991-08-12 18:03:56"
"2365","48","1973","2022-01-25 19:53:58"
"2366","17","257","2002-09-27 00:33:05"
"2367","55","704","2000-11-27 06:23:07"
"2368","10","1519","2016-12-24 23:36:34"
"2369","59","52","1999-08-08 21:16:31"
"2370","59","688","2008-06-24 21:21:34"
"2371","64","1973","2023-07-13 08:21:45"
"2372","71","1365","1973-11-26 12:43:49"
"2373","91","1236","1975-12-14 17:31:21"
"2374","15","1292","2021-03-04 23:16:13"
"2375","0","1066","1991-11-20 23:41:12"
"2376","17","400","1979-11-10 21:12:58"
"2377","82","1039","2014-06-26 07:54:27"
"2378","78","544","2018-01-05 19:31:13"
"2379","80","587","1971-03-18 07:03:55"
"2380","11","988","1998-05-05 18:00:20"
"2381","90","307","2018-07-28 00:22:14"
"2382","61","125","1976-01-24 08:16:53"
"2383","14","184","1971-08-21 00:45:46"
"2384","66","1844","1999-09-20 02:55:37"
"2385","40","196","1970-10-14 00:33:59"
"2386","27","1498","1978-01-16 02:54:42"
"2387","13","947","1989-05-22 19:13:39"
"2388","76","533","1980-12-24 11:50:45"
"2389","60","360","1999-05-06 22:42:34"
"2390","66","800","1986-02-12 09:42:27"
"2391","86","409","1998-09-24 21:10:31"
"2392","11","1780","1975-03-15 21:07:59"
"2393","23","1257","2019-09-04 22:06:14"
"2394","39","249","1997-06-11 09:14:03"
"2395","32","388","1984-12-27 04:08:28"
"2396","57","1832","1980-05-08 17:13:36"
"2397","86","1186","1976-10-15 10:05:17"
"2398","1","917","1972-09-18 04:08:32"
"2399","92","1591","1970-07-29 03:00:13"
"2400","45","1315","2009-02-07 03:46:18"
"2401","47","503","1986-03-21 23:19:24"
"2402","45","1050","2011-04-26 10:22:23"
"2403","18","318","2023-03-12 14:43:35"
"2404","35","624","1987-10-08 03:05:56"
"2405","37","1899","1983-12-17 08:37:57"
"2406","50","277","1980-12-18 18:53:58"
"2407","79","1725","1993-08-07 15:38:54"
"2408","79","1933","1973-09-27 05:52:20"
"2409","10","540","1993-11-04 19:52:16"
"2410","91","1116","1983-03-21 20:38:43"
"2411","59","1139","2007-05-29 10:28:58"
"2412","37","1930","1976-05-13 20:48:54"
"2413","50","1412","1978-08-16 09:49:54"
"2414","96","739","1998-09-06 02:10:10"
"2415","75","1410","1985-12-29 01:06:02"
"2416","64","752","1996-01-21 21:49:21"
"2417","86","153","2018-02-01 08:24:24"
"2418","73","1772","1970-09-04 06:41:55"
"2419","13","1412","2009-12-06 13:52:36"
"2420","54","1478","2005-04-09 17:21:15"
"2421","17","1021","1987-07-15 22:14:39"
"2422","51","1716","2001-08-23 08:07:03"
"2423","20","497","1992-02-15 16:46:04"
"2424","89","1462","2017-03-12 20:00:19"
"2425","41","274","1993-05-28 16:30:10"
"2426","11","1951","2001-12-17 02:15:48"
"2427","7","1058","2004-12-26 17:26:56"
"2428","64","1227","2018-03-14 22:45:31"
"2429","95","285","2011-10-24 15:43:29"
"2430","38","351","1982-02-06 21:12:38"
"2431","63","1883","1982-08-16 05:54:39"
"2432","53","1619","1987-08-21 19:10:17"
"2433","28","856","1977-09-08 19:04:16"
"2434","47","560","2002-04-03 06:01:43"
"2435","80","1593","1989-06-16 16:54:22"
"2436","59","254","2019-03-14 13:55:45"
"2437","8","868","2008-06-28 19:37:35"
"2438","26","537","2000-06-29 00:51:50"
"2439","66","988","2009-11-20 22:27:43"
"2440","34","825","1974-09-18 04:17:16"
"2441","25","1441","1990-03-31 10:51:58"
"2442","53","1439","1973-11-17 21:58:02"
"2443","82","1511","1997-05-11 07:17:41"
"2444","86","387","1984-06-09 16:28:01"
"2445","13","849","1988-08-04 16:09:15"
"2446","95","1609","1971-02-14 01:50:06"
"2447","93","1715","1974-07-13 21:13:54"
"2448","4","1412","1991-03-24 01:23:45"
"2449","77","1810","2004-05-22 22:48:05"
"2450","33","855","2001-08-18 12:14:29"
"2451","45","701","1970-12-17 18:25:19"
"2452","56","409","1986-03-13 11:37:36"
"2453","13","1929","2016-04-20 15:32:34"
"2454","78","1758","2020-03-29 03:33:36"
"2455","92","391","1975-03-07 14:36:22"
"2456","4","323","2009-12-18 15:53:00"
"2457","26","1267","1976-10-17 08:52:58"
"2458","72","1429","1977-05-31 18:39:49"
"2459","78","599","1985-12-30 13:51:28"
"2460","58","1889","2013-03-01 14:13:17"
"2461","93","968","2007-12-31 15:34:51"
"2462","78","1191","1994-10-03 16:23:56"
"2463","34","575","1994-06-12 10:17:20"
"2464","46","1311","1972-01-27 17:07:04"
"2465","52","1391","2021-01-03 14:20:22"
"2466","93","758","2020-12-07 12:30:48"
"2467","40","9","2007-04-30 20:18:41"
"2468","3","1271","1981-08-29 16:32:41"
"2469","13","640","1988-03-02 21:39:39"
"2470","96","1602","1984-03-31 22:55:38"
"2471","93","1307","2018-03-31 20:56:50"
"2472","38","417","2010-02-11 21:49:07"
"2473","99","491","2020-08-20 11:35:37"
"2474","7","1758","1979-12-05 02:31:16"
"2475","79","318","1998-03-21 00:11:15"
"2476","14","387","2001-04-06 18:43:00"
"2477","45","1753","1987-07-10 22:15:44"
"2478","48","1473","1993-02-13 08:03:53"
"2479","39","1257","2006-02-23 21:42:15"
"2480","98","433","1993-07-01 22:08:43"
"2481","95","1391","2006-08-29 04:48:02"
"2482","51","523","1985-01-04 05:01:29"
"2483","58","157","2006-03-15 16:20:58"
"2484","75","308","1975-01-09 11:23:23"
"2485","73","1068","1986-11-15 00:14:12"
"2486","66","1996","1970-04-12 02:43:53"
"2487","72","1735","1979-02-02 21:30:35"
"2488","91","547","2019-01-23 09:33:21"
"2489","0","1138","1993-11-13 10:59:54"
"2490","2","206","2007-12-15 18:01:23"
"2491","13","38","1980-01-22 22:27:09"
"2492","63","680","2010-12-26 00:55:26"
"2493","48","400","2009-12-06 21:36:52"
"2494","46","928","1988-04-01 22:06:44"
"2495","5","1051","1992-09-13 19:15:42"
"2496","42","993","2002-11-23 11:42:15"
"2497","40","73","2019-08-13 10:04:31"
"2498","38","1570","1996-09-27 00:46:51"
"2499","94","1803","2001-02-06 11:24:07"
